id,title,subtitle,poster,url,rating,genres,star,comment,tags,star_time
3447397989,å •å…¥çˆ±,2018 / æ³•å›½ / å‰§æƒ… æ‚¬ç–‘ åŒæ€§ / Benjamin Vu / Solal Forte Jean-Baptiste Le Vaillant,https://img9.doubanio.com/view/photo/m_ratio_poster/public/p2547299461.jpg,https://movie.douban.com/subject/30453620/,0,"å‰§æƒ…,æ‚¬ç–‘,åŒæ€§",3,å¾®å¦™çš„æµªæ¼«ï¼Œè™½ç„¶å¾ˆå¸…ä½†çœŸçš„å­˜åœ¨è¿™ä¹ˆç˜¦çš„æ©„æ¦„çƒè¿åŠ¨å‘˜å—ï¼Œä¼šè¢«æ’é£çš„å§ğŸ˜‚,,2022-08-06 01:13:42
3391306812,ç»å…¸æ¯å­è›‹ç³•,2022 / æ—¥æœ¬ / çˆ±æƒ… åŒæ€§ / åŠ è—¤ç»«ä½³ / æ­¦ç”°èˆªå¹³ æœ¨æ‘è¾¾æˆ,https://img9.doubanio.com/view/photo/m_ratio_poster/public/p2874625351.jpg,https://movie.douban.com/subject/35912078/,8.8,"çˆ±æƒ…,åŒæ€§",4,"å¤–å·ä¹Ÿå¤ªå¸…äº†ï¼ï¼ï¼ä¸€æœ¬æ­£ç»å¼€é»„è…”å¾è¾ˆæ¥·æ¨¡ğŸŒš
åŸæ¥æ˜¯å¥³æ€§å¯¼æ¼”ï¼ŒåŠ ä¸Šæœ¨æ‘çš„è¡¨æ¼”è®©æƒ…æ„Ÿå¾ˆç»†è…»
è™½ç„¶ä½†æ˜¯ï¼Œ2022å¹´äº†è¿˜æè¿™ç¢ç¢å¿µ+æ—¥å‰§è·‘è½¬æŠ˜ï¼Œç®€ç›´è¢«åœŸåˆ°è„šè¶¾æ‰£åœ°ğŸ¥±",,2022-08-04 01:46:50
3444730072,éšå…¥å°˜çƒŸ,2022 / ä¸­å›½å¤§é™† / å‰§æƒ… / æç¿çº / æ­¦ä»æ— æµ·æ¸…,https://img9.doubanio.com/view/photo/m_ratio_poster/public/p2875299554.jpg,https://movie.douban.com/subject/35131346/,8.4,å‰§æƒ…,3,"è§å¹•å½»åº•é»‘ä¸‹æ¥ä¹Ÿæ²¡æœ‰ä¸€ä¸ªäººèµ·èº«ï¼Œåªæ˜¯æ²‰é»˜
å¦‚æœç¬¦å·åŒ–çš„æµªæ¼«ä¸è‹¦éš¾å·²æ²‰ç—›è‡³æ­¤ï¼Œé‚£è¿˜æ˜¯ä¿ç•™ä¸€ç‚¹èƒ½è¿‡å®¡çš„æ¸©é©¯å§",,2022-08-03 18:55:49
3404896801,ç¥ä½ å¥½è¿ï¼Œé‡Œå¥¥Â·æ ¼å…°å¾·,2022 / è‹±å›½ / å‰§æƒ… å–œå‰§ / è‹è²Â·æµ·å¾· / è‰¾ç›Â·æ±¤æ™®æ£® è¾¾åˆ©å°”Â·éº¦å…‹ç§‘é©¬å…‹,https://img9.doubanio.com/view/photo/m_ratio_poster/public/p2872943472.jpg,https://movie.douban.com/subject/35235813/,8.2,"å‰§æƒ…,å–œå‰§",4,"æ¢è®¨ç€æ—¶å¸¸è¢«å¿½è§†çš„ä¸­è€å¹´äººçš„æƒ…æ¬²ç”Ÿæ´»ä¸è®¤çŸ¥ï¼Œåœ¨äº‰è®ºä¸ä¼‘çš„æ€§å·¥ä½œä¸æ€§åˆ«è®®é¢˜ä¸Šè¸®è„šæ è¿‡ï¼Œæ²¡æœ‰ä»€ä¹ˆæ·±é‡çš„è®ºè¿°ä½†ä¸å¤±ä¸ºå›¾ä¸€ä¹çš„æ„‰æ‚¦å°å“ï¼Œwhich is performed really wellä»¥åŠ
å¤§æ™šä¸Šçš„çœ‹Leo GrandeçœŸçš„éœ€è¦ä¸€äº›å®šåŠ›é˜²æ­¢æ„å¤–å‘ç”ŸğŸ™ˆ",,2022-07-29 02:16:53
3418516179,æµ·è¾¹çš„å¼‚é‚¦äºº,2020 / æ—¥æœ¬ / çˆ±æƒ… åŠ¨ç”» åŒæ€§ / å¤§æ¡¥æ˜ä»£ / æ‘ç”°å¤ªå¿— æ¾å†ˆç¥¯ä¸,https://img9.doubanio.com/view/photo/m_ratio_poster/public/p2616484920.jpg,https://movie.douban.com/subject/34869495/,7.4,"çˆ±æƒ…,åŠ¨ç”»,åŒæ€§",3,ä½œç”»å¾ˆå”¯ç¾ï¼Œè¿™å‰§æƒ…ä¹Ÿå¤ªè‰ç‡äº†å§å•Šå–‚ï¼Œç«Ÿç„¶çœŸçš„æœ‰äººæŠŠå«æ³ªåš1çš„å‰§æƒ…å†™æˆçœŸçš„å•Šæˆ‘ç¬‘æ­»äº†,,2022-07-11 23:36:30
3417450434,ç¥æ¢å¤§æˆ˜,2022 / ä¸­å›½é¦™æ¸¯ ä¸­å›½å¤§é™† / åŠ¨ä½œ çŠ¯ç½ª æ‚¬ç–‘ / éŸ¦å®¶è¾‰ / åˆ˜é’äº‘ è”¡å“å¦,https://img9.doubanio.com/view/photo/m_ratio_poster/public/p2875702766.jpg,https://movie.douban.com/subject/26995893/,7.1,"åŠ¨ä½œ,çŠ¯ç½ª,æ‚¬ç–‘",4,ç”µå½±é™¢å›æ¥åæ§½äº†ä¸€è·¯ï¼Œä½†ä¸å¾—ä¸è¯´å–œæ¬¢ç–¯æ‰¹ç”µå½±,,2022-07-11 00:37:48
3414840782,çˆ±ä¹ä¹‹åŸ,2016 / ç¾å›½ / å‰§æƒ… çˆ±æƒ… æ­Œèˆ / è¾¾ç±³æ©Â·æŸ¥æ³½é›· / ç‘æ©Â·é«˜æ–¯æ— è‰¾ç›Â·æ–¯é€š,https://img9.doubanio.com/view/photo/m_ratio_poster/public/p2395517414.jpg,https://movie.douban.com/subject/25934014/,8.4,"å‰§æƒ…,çˆ±æƒ…,æ­Œèˆ",3,å¦‚æœæ˜¯åœ¨ç”µå½±é™¢çœ‹çš„ä¹Ÿè®¸ä¼šæ›´æ„ŸåŠ¨å§ï¼Œæ­Œèˆä¹‹å¤–å‡‘ä¸å‡ºä¸€ä¸ªå¥½æ•…äº‹,,2022-07-09 00:17:05
3409474444,é»‘è¢çº å¯Ÿé˜Ÿ ç¬¬ä¸€å­£,2019 / ç¾å›½ / åŠ¨ä½œ ç§‘å¹» çŠ¯ç½ª / è²åˆ©æµ¦Â·æ–¯æ ¼é‡Œè¥¿äºš ä¸¹å°¼å°”Â·è‰¾æå¥¥æ–¯ è‰¾åŠ›å…‹Â·å…‹è±æ™®ç§‘ è©¹å¦®å¼—Â·å½­ æ–¯ç‰¹å‡¡Â·æ–½ç“¦èŒ¨ é©¬ç‰¹Â·æ²™å…‹æ›¼ å¼—é›·å¾·Â·æ‰˜è€¶ ä¸¹Â·ç‰¹æ‹‰äº¨ä¼¯æ ¼ / å¡å°”Â·å„æœ¬ è‰¾ç³Â·è«é‡Œäºšè’‚,https://img9.doubanio.com/view/photo/m_ratio_poster/public/p2558948000.jpg,https://movie.douban.com/subject/3703650/,8.6,"åŠ¨ä½œ,ç§‘å¹»,çŠ¯ç½ª",3,èŠ‚å¥å¥½æ…¢ï¼Œå¯èƒ½æœ¬å°±å¯¹è¶…è‹±ä¸æ„Ÿå…´è¶£æ‰€ä»¥ä¹Ÿä¸è§‰å¾—è¿™å¾ˆæœ‰æ„æ€,,2022-07-03 21:35:46
3266290312,é’æ˜¥å˜å½¢è®°,2022 / ç¾å›½ / å–œå‰§ åŠ¨ç”» å¥‡å¹» / çŸ³ä¹‹äºˆ / å§œæ™‹å®‰ å´çŠå“,https://img9.doubanio.com/view/photo/m_ratio_poster/public/p2868096837.jpg,https://movie.douban.com/subject/35284253/,8.2,"å–œå‰§,åŠ¨ç”»,å¥‡å¹»",4,,,2022-06-23 20:40:13
3389024468,é˜¿è–‡å°”ä¸è™šæ„ä¸–ç•Œ,2015 / æ³•å›½ æ¯”åˆ©æ—¶ åŠ æ‹¿å¤§ / ç§‘å¹» åŠ¨ç”» å†’é™© / å…‹é‡Œæ–¯æ±€Â·ä¸¹ç±³å°”æ–¯ å¼—å…°å…‹Â·å¶æ ¹å‰ / ç›ä¸½æ˜‚Â·æ­Œè¿ªäºš è²çƒˆÂ·å¡ç‰¹æ—,https://img9.doubanio.com/view/photo/m_ratio_poster/public/p2333129394.jpg,https://movie.douban.com/subject/25821673/,8.1,"ç§‘å¹»,åŠ¨ç”»,å†’é™©",4,,,2022-06-22 12:46:53
3390640280,é…’é¬¼éƒ½å¸‚å¥³äººä»¬,2021 / éŸ©å›½ / å‰§æƒ… / é‡‘æ­£æ¤ / æå…ˆå½¬ éŸ©å–„èŠ±,https://img9.doubanio.com/view/photo/m_ratio_poster/public/p2681862170.jpg,https://movie.douban.com/subject/35460374/,9,å‰§æƒ…,4.5,,,2022-06-21 16:00:30
3079711077,D.Pï¼šé€ƒå…µè¿½ç¼‰ä»¤,2021 / éŸ©å›½ / å‰§æƒ… åŠ¨ä½œ çŠ¯ç½ª / éŸ©ä¿Šç†™ / ä¸æµ·å¯… å…·æ•™ç„•,https://img9.doubanio.com/view/photo/m_ratio_poster/public/p2676491350.jpg,https://movie.douban.com/subject/35028876/,9.1,"å‰§æƒ…,åŠ¨ä½œ,çŠ¯ç½ª",4.5,,,2022-06-18 15:44:47
3384883898,ç«çƒ§å²›,2022 / ç¾å›½ / å–œå‰§ çˆ±æƒ… åŒæ€§ / å®‰å¾·é²Â·å®‰ / ä¹”å°”Â·é‡‘Â·å¸ƒæ–¯ç‰¹ æ¨ä¼¯æ–‡,https://img9.doubanio.com/view/photo/m_ratio_poster/public/p2872063412.jpg,https://movie.douban.com/subject/35585972/,6.2,"å–œå‰§,çˆ±æƒ…,åŒæ€§",3,,,2022-06-10 02:08:02
3377509890,ç‡ƒçƒ§å¥³å­çš„è‚–åƒ,2019 / æ³•å›½ / å‰§æƒ… çˆ±æƒ… åŒæ€§ / ç‘Ÿç³Â·å¸­å®‰ç› / è¯ºç±³Â·æ¢…å…°ç‰¹ é˜¿é»›æ‹‰Â·å“ˆå†…å°”,https://img9.doubanio.com/view/photo/m_ratio_poster/public/p2584308261.jpg,https://movie.douban.com/subject/30257175/,8.7,"å‰§æƒ…,çˆ±æƒ…,åŒæ€§",4.5,,,2022-06-05 01:20:02
3361861986,çˆ±ï¼Œæ­»äº¡å’Œæœºå™¨äºº ç¬¬ä¸‰å­£,2022 / ç¾å›½ / å–œå‰§ ç§‘å¹» åŠ¨ç”» / å¸•ç‰¹é‡Œå…‹Â·å¥¥æ–¯æœ¬ å¤§å«Â·èŠ¬å¥‡ åŸƒç±³è‰Â·è¿ªæ© ç½—ä¼¯ç‰¹Â·æ¯”æ–¯ å®‰è¿ªÂ·é‡Œæ˜‚ å•å¯…è£ è’‚å§†Â·ç±³å‹’ å¡æ´›æ–¯Â·å²è’‚æ–‡æ–¯ æ°ç½—å§†Â·é™ˆ é˜¿å°”è´æ‰˜Â·ç±³å°”æˆˆ / ä¹”ä»€Â·å¸ƒé›·çº³ åŠ é‡ŒÂ·å®‰ä¸œå°¼Â·å¨å»‰æ–¯,https://img9.doubanio.com/view/photo/m_ratio_poster/public/p2872163998.jpg,https://movie.douban.com/subject/35436582/,8.6,"å–œå‰§,ç§‘å¹»,åŠ¨ç”»",4.5,,,2022-05-23 12:30:19
3311697600,ç¬æ¯å…¨å®‡å®™,2022 / ç¾å›½ / å–œå‰§ å¥‡å¹» å†’é™© / å…³å®¶æ°¸ ä¸¹å°¼å°”Â·æ–½çº³ç‰¹ / æ¨ç´«ç¼ è®¸ç®ä¼¦,https://img9.doubanio.com/view/photo/m_ratio_poster/public/p2869765076.jpg,https://movie.douban.com/subject/30314848/,8,"å–œå‰§,å¥‡å¹»,å†’é™©",4,,,2022-05-20 02:55:23
1278455056,æ¹–ç•”çš„é™Œç”Ÿäºº,2013 / æ³•å›½ / å‰§æƒ… æƒ…è‰² åŒæ€§ / é˜¿å…°Â·å‰ç½—è¿ª / çš®åŸƒå°”Â·å¾·éš†å°š å…‹é‡Œæ–¯å¤šå¤«Â·å¸•æ¬§,https://img9.doubanio.com/view/photo/m_ratio_poster/public/p1987924821.jpg,https://movie.douban.com/subject/21339377/,7.4,"å‰§æƒ…,æƒ…è‰²,åŒæ€§",3.5,,,2022-05-03 01:38:15
3328706466,å¿ƒè·³æ¼ä¸€æ‹,2022 / è‹±å›½ / å‰§æƒ… å–œå‰§ çˆ±æƒ… / å°¤æ´›æ–¯Â·æ— / ä¹”Â·æ´›å…‹ åŸºç‰¹Â·åº·çº³,https://img9.doubanio.com/view/photo/m_ratio_poster/public/p2872003646.jpg,https://movie.douban.com/subject/35334903/,9,"å‰§æƒ…,å–œå‰§,çˆ±æƒ…",4.5,,,2022-05-02 01:07:14
3224889847,å¯¹ä½ ç€è¿·,2021 / æ—¥æœ¬ / å‰§æƒ… / å†¢åŸäºšç”±å­ é«™é‡è‹±æ²» å®®ï¨‘èŒåŠ  / å¤§è¥¿æµæ˜Ÿ é«˜æ¡¥æ–‡å“‰,https://img9.doubanio.com/view/photo/m_ratio_poster/public/p2632307043.jpg,https://movie.douban.com/subject/35280639/,8.2,å‰§æƒ…,4,,,2022-04-25 00:28:44
3321636094,å°šæ°”ä¸åç¯ä¼ å¥‡,2021 / ç¾å›½ æ¾³å¤§åˆ©äºš / åŠ¨ä½œ å¥‡å¹» å†’é™© / å¾·æ–¯æ±€Â·å…‹é‡Œé¡¿ / åˆ˜æ€æ…• æ¢æœä¼Ÿ,https://img9.doubanio.com/view/photo/m_ratio_poster/public/p2674321872.jpg,https://movie.douban.com/subject/30394797/,6.1,"åŠ¨ä½œ,å¥‡å¹»,å†’é™©",3,,,2022-04-19 13:54:07
3271449130,è¯­ä¹‰é”™è¯¯,2022 / éŸ©å›½ / å‰§æƒ… çˆ±æƒ… åŒæ€§ / ê¹€ìˆ˜ì • / æœ´æ –å« æœ´å®°ç¿,https://img9.doubanio.com/view/photo/m_ratio_poster/public/p2869225448.jpg,https://movie.douban.com/subject/35741365/,8.6,"å‰§æƒ…,çˆ±æƒ…,åŒæ€§",4.5,,,2022-04-12 01:03:07
3203709736,æ–¯éš†å¥³å£«,2016 / ç¾å›½ æ³•å›½ / å‰§æƒ… æ‚¬ç–‘ / çº¦ç¿°Â·é©¬ç™» / æ°è¥¿å¡Â·æŸ¥æ–¯å¦ å¤å¤Â·å§†å·´å¡”-åŠ³,https://img9.doubanio.com/view/photo/m_ratio_poster/public/p2356912156.jpg,https://movie.douban.com/subject/26703158/,8.8,"å‰§æƒ…,æ‚¬ç–‘",4.5,,,2022-04-10 00:28:04
3203710528,æºä»£ç ,2011 / ç¾å›½ åŠ æ‹¿å¤§ / ç§‘å¹» æ‚¬ç–‘ æƒŠæ‚š / é‚“è‚¯Â·ç¼æ–¯ / æ°å…‹Â·å‰ä¼¦å“ˆå°” ç»´æ‹‰Â·æ³•ç±³åŠ ,https://img9.doubanio.com/view/photo/m_ratio_poster/public/p988260245.jpg,https://movie.douban.com/subject/3075287/,8.5,"ç§‘å¹»,æ‚¬ç–‘,æƒŠæ‚š",4.5,,,2022-04-09 18:00:33
3292299270,å¥å¬å¥³å­©,2021 / ç¾å›½ æ³•å›½ åŠ æ‹¿å¤§ / å‰§æƒ… éŸ³ä¹ / å¤å®‰Â·æµ·å¾· / è‰¾ç±³è‰äºšÂ·ç¼æ–¯ ç‰¹æ´›ä¼ŠÂ·ç§‘ç‰¹è‹å°”,https://img9.doubanio.com/view/photo/m_ratio_poster/public/p2870510534.jpg,https://movie.douban.com/subject/35048413/,8.6,"å‰§æƒ…,éŸ³ä¹",4.5,,,2022-04-01 13:40:09
3269619275,çº½çº¦çš„ä¸€ä¸ªé›¨å¤©,2019 / ç¾å›½ / å–œå‰§ çˆ±æƒ… / ä¼è¿ªÂ·è‰¾ä¼¦ / è’‚è«è¥¿Â·æŸ´å‹’æ¢…å¾· è‰¾ä¸½Â·èŒƒå®,https://img9.doubanio.com/view/photo/m_ratio_poster/public/p2868674760.jpg,https://movie.douban.com/subject/27089612/,7.3,"å–œå‰§,çˆ±æƒ…",3.5,,,2022-03-11 21:36:21
3254544370,èŠ±æŸèˆ¬çš„æ‹çˆ±,2021 / æ—¥æœ¬ / å‰§æƒ… çˆ±æƒ… / åœŸäº•è£•æ³° / è…ç”°å°†æ™– æœ‰æ‘æ¶çº¯,https://img9.doubanio.com/view/photo/m_ratio_poster/public/p2868462052.jpg,https://movie.douban.com/subject/34874432/,8.6,"å‰§æƒ…,çˆ±æƒ…",4.5,,,2022-02-26 22:31:18
3241711609,ç€‘å¸ƒ,2021 / ä¸­å›½å°æ¹¾ / å‰§æƒ… / é’Ÿå­Ÿå® / è´¾é™é›¯ ç‹å‡€,https://img9.doubanio.com/view/photo/m_ratio_poster/public/p2678037153.jpg,https://movie.douban.com/subject/35242938/,7.6,å‰§æƒ…,4,,,2022-02-17 13:08:56
3233165945,æ²™ä¸˜,2021 / ç¾å›½ / å‰§æƒ… ç§‘å¹» å†’é™© / ä¸¹å°¼æ–¯Â·ç»´ä¼¦çº½ç“¦ / è’‚è«è¥¿Â·æŸ´å‹’æ¢…å¾· ä¸½è´å¡Â·å¼—æ ¼æ£®,https://img9.doubanio.com/view/photo/m_ratio_poster/public/p2687443734.jpg,https://movie.douban.com/subject/3001114/,7.7,"å‰§æƒ…,ç§‘å¹»,å†’é™©",4,,,2022-02-11 00:11:10
3230762268,æ¶ˆå¤±çš„çˆ±äºº,2014 / ç¾å›½ / å‰§æƒ… çŠ¯ç½ª æ‚¬ç–‘ / å¤§å«Â·èŠ¬å¥‡ / æœ¬Â·é˜¿å¼—è±å…‹ è£´æ·³å,https://img9.doubanio.com/view/photo/m_ratio_poster/public/p2221768894.jpg,https://movie.douban.com/subject/21318488/,8.7,"å‰§æƒ…,çŠ¯ç½ª,æ‚¬ç–‘",4.5,,,2022-02-09 16:03:22
3222776094,å¥‡è¿¹Â·ç¬¨å°å­©,2022 / ä¸­å›½å¤§é™† / å‰§æƒ… / æ–‡ç‰§é‡ / æ˜“çƒŠåƒçº ç”°é›¨,https://img9.doubanio.com/view/photo/m_ratio_poster/public/p2842327103.jpg,https://movie.douban.com/subject/35312437/,7.4,å‰§æƒ…,3.5,,,2022-02-05 00:58:09
3154715189,ç¥çˆ¶åŒå¿—,1994 / è‹±å›½ / å‰§æƒ… åŒæ€§ / å®‰ä¸œå°¼å¨…Â·åšå¾· / è±çº³æ–¯Â·ç½—å½» æ±¤å§†Â·å¨å°”é‡‘æ£®,https://img9.doubanio.com/view/photo/m_ratio_poster/public/p2370340647.jpg,https://movie.douban.com/subject/1294547/,8.1,"å‰§æƒ…,åŒæ€§",4,,,2022-01-23 23:00:32
2772657820,è‡´æˆ‘çš„æ˜Ÿæ˜Ÿ,2021 / éŸ©å›½ / å–œå‰§ çˆ±æƒ… åŒæ€§ / é»„å¤§ç‘Ÿ / å­™æ­¦é“‰ é‡‘åº·æ°‘,https://img9.doubanio.com/view/photo/m_ratio_poster/public/p2630246537.jpg,https://movie.douban.com/subject/35265372/,8.1,"å–œå‰§,çˆ±æƒ…,åŒæ€§",4,,,2022-01-19 14:53:34
3023567010,æ€§çˆ±è‡ªä¿®å®¤ ç¬¬ä¸‰å­£,2021 / è‹±å›½ / å‰§æƒ… å–œå‰§ çˆ±æƒ… / æœ¬Â·æ³°å‹’ é²å°¼äºšç½—Â·é©¬æ™®ç¦è« / é˜¿è¨Â·å·´ç‰¹è²å°”å¾· å‰è²Â·å®‰å¾·æ£®,https://img9.doubanio.com/view/photo/m_ratio_poster/public/p2677963424.jpg,https://movie.douban.com/subject/34966169/,9,"å‰§æƒ…,å–œå‰§,çˆ±æƒ…",4.5,,,2022-01-10 19:20:23
3173778341,ç©¿è¿‡å¯’å†¬æ‹¥æŠ±ä½ ,2021 / ä¸­å›½å¤§é™† / å‰§æƒ… çˆ±æƒ… / è–›æ™“è·¯ / é»„æ¸¤ è´¾ç²,https://img9.doubanio.com/view/photo/m_ratio_poster/public/p2801718909.jpg,https://movie.douban.com/subject/35307456/,6,"å‰§æƒ…,çˆ±æƒ…",3,,,2022-01-02 09:16:42
3172025077,çˆ±æƒ…ç¥è¯,2021 / ä¸­å›½å¤§é™† / å‰§æƒ… å–œå‰§ çˆ±æƒ… / é‚µè‰ºè¾‰ / å¾å³¥ é©¬ä¼Šç,https://img9.doubanio.com/view/photo/m_ratio_poster/public/p2772925591.jpg,https://movie.douban.com/subject/35376457/,8.1,"å‰§æƒ…,å–œå‰§,çˆ±æƒ…",4,,,2022-01-01 00:41:01
3022877998,å¤±æ§ç©å®¶,2021 / ç¾å›½ åŠ æ‹¿å¤§ / å–œå‰§ åŠ¨ä½œ ç§‘å¹» / è‚–æ©Â·åˆ©ç»´ / ç‘å®‰Â·é›·è¯ºå…¹ æœ±è¿ªÂ·ç§‘é»˜,https://img9.doubanio.com/view/photo/m_ratio_poster/public/p2677520025.jpg,https://movie.douban.com/subject/30337388/,7.5,"å–œå‰§,åŠ¨ä½œ,ç§‘å¹»",4,,,2021-09-01 21:47:02
3004502895,é’æ˜¥ç‹å®¤ ç¬¬ä¸€å­£,2021 / ç‘å…¸ / å‰§æƒ… çˆ±æƒ… / Erika Calmeyer Rojda SekersÃ¶z / è‰¾å¾·æ–‡Â·ç‘ä¸ æ¬§ç›Â·é²å¾·ä¼¯æ ¼,https://img9.doubanio.com/view/photo/m_ratio_poster/public/p2670887385.jpg,https://movie.douban.com/subject/35466957/,8.7,"å‰§æƒ…,çˆ±æƒ…",4.5,,,2021-08-30 00:09:24
3018066399,æ€’ç«Â·é‡æ¡ˆ,2021 / ä¸­å›½é¦™æ¸¯ ä¸­å›½å¤§é™† / åŠ¨ä½œ çŠ¯ç½ª / é™ˆæœ¨èƒœ / ç”„å­ä¸¹ è°¢éœ†é”‹,https://img9.doubanio.com/view/photo/m_ratio_poster/public/p2673412189.jpg,https://movie.douban.com/subject/30174085/,7.2,"åŠ¨ä½œ,çŠ¯ç½ª",3.5,,,2021-08-28 23:57:03
2951338917,åŒçª—ä¹‹çˆ±,1984 / è‹±å›½ / å‰§æƒ… ä¼ è®° çˆ±æƒ… / é©¬é›·å…‹Â·å¡å°¼è€¶å¤«æ–¯å¡ / é²ä¼¯ç‰¹Â·è‰¾å¼—é›·ç‰¹ ç§‘æ—Â·è´¹å°”æ–¯,https://img9.doubanio.com/view/photo/m_ratio_poster/public/p2608457478.jpg,https://movie.douban.com/subject/1297147/,7.8,"å‰§æƒ…,ä¼ è®°,çˆ±æƒ…",4,,,2021-08-09 14:48:25
2980640105,ç››å¤æœªæ¥,2021 / ä¸­å›½å¤§é™† / å‰§æƒ… / é™ˆæ­£é“ / å¼ å­æ« å´ç£Š,https://img9.doubanio.com/view/photo/m_ratio_poster/public/p2673420377.jpg,https://movie.douban.com/subject/35158124/,7.1,å‰§æƒ…,3.5,,,2021-08-04 01:42:27
2951339862,åå¹´å¸¦çƒè·‘,2016 / è‹±å›½ / å‰§æƒ… è¿åŠ¨ åŒæ€§ / æœ¬Â·å¨å»‰å§†æ–¯ / æ‹‰å¡å°”Â·æ‰˜ç»´ é˜¿ç³æ³½Â·ç§‘çº³,https://img9.doubanio.com/view/photo/m_ratio_poster/public/p2457839025.jpg,https://movie.douban.com/subject/26728682/,7,"å‰§æƒ…,è¿åŠ¨,åŒæ€§",3.5,,,2021-08-02 22:41:56
2975913167,æ”»å£³æœºåŠ¨é˜Ÿ,1995 / æ—¥æœ¬ / åŠ¨ä½œ ç§‘å¹» åŠ¨ç”» / æŠ¼äº•å®ˆ / ç”°ä¸­æ•¦å­ å¤§å¡šæ˜å¤«,https://img9.doubanio.com/view/photo/m_ratio_poster/public/p2446408045.jpg,https://movie.douban.com/subject/1291936/,9,"åŠ¨ä½œ,ç§‘å¹»,åŠ¨ç”»",4.5,,,2021-07-31 22:33:25
2972639755,æ€¦ç„¶å¿ƒåŠ¨,2010 / ç¾å›½ / å‰§æƒ… å–œå‰§ çˆ±æƒ… / ç½—ä¼¯Â·è±çº³ / ç›å¾·ç³Â·å¡ç½—å°” å¡å…°Â·éº¦å…‹å¥¥åˆ©è²,https://img9.doubanio.com/view/photo/m_ratio_poster/public/p501177648.jpg,https://movie.douban.com/subject/3319755/,9.1,"å‰§æƒ…,å–œå‰§,çˆ±æƒ…",4.5,,,2021-07-29 21:34:15
2880887834,æœ‰ç­”æ¡ˆçš„ç”·å­,2021 / å¡æµ¦è·¯æ–¯ å¸Œè…Š æ„å¤§åˆ© / å‰§æƒ… åŒæ€§ / æ–¯ç‰¹é‡Œå¥¥æ–¯Â·å¡ç±³è’‚æ–¯ / ç“¦è¥¿é‡Œæ–¯Â·é©¬å¤é‡Œå¥¥è’‚æ–¯ å®‰ä¸œÂ·å¨å°”,https://img9.doubanio.com/view/photo/m_ratio_poster/public/p2642244414.jpg,https://movie.douban.com/subject/35287558/,7.8,"å‰§æƒ…,åŒæ€§",4,,,2021-06-07 00:15:43
2898355073,P!NKï¼šæˆ‘æ‰€çŸ¥é“çš„ä¸€åˆ‡,2021 / ç¾å›½ / ä¼ è®° çºªå½•ç‰‡ éŸ³ä¹ / è¿ˆå…‹å°”Â·æ ¼é›·è¥¿ / çº¢ç²‰ä½³äºº å¡é›·Â·å“ˆç‰¹,https://img9.doubanio.com/view/photo/m_ratio_poster/public/p2646839819.jpg,https://movie.douban.com/subject/35446670/,7.9,"ä¼ è®°,çºªå½•ç‰‡,éŸ³ä¹",4,,,2021-06-01 00:18:23
2880172551,çˆ±ï¼Œæ­»äº¡å’Œæœºå™¨äºº ç¬¬äºŒå­£,2021 / ç¾å›½ / å–œå‰§ ç§‘å¹» åŠ¨ç”» / è’‚å§†Â·ç±³å‹’ è‚‰é£Ÿéƒ¨é—¨ ç½—ä¼¯ç‰¹Â·ç“¦åˆ© å•å¯…è£ é‡Œæ˜‚Â·è´é›·å°” å¤šç±³å°¼å…‹Â·åšä¼Šä¸ é›·ç±³Â·ç§‘å­£æ‹‰ é©¬å…‹è¥¿å§†Â·å¢åŸƒå°” è¥¿è’™Â·å¥¥æ‰˜ è‰¾ç•¥ç‰¹Â·è¿ªå°” äºšå†å…‹æ–¯Â·æ¯”è’‚ / è¯ºå…°Â·è¯ºæ–¯ è‰¾ç±³ä¸½Â·å¥¥å¸ƒè±æ©,https://img9.doubanio.com/view/photo/m_ratio_poster/public/p2641221021.jpg,https://movie.douban.com/subject/34418203/,6.8,"å–œå‰§,ç§‘å¹»,åŠ¨ç”»",3.5,,,2021-05-17 01:55:55
2876122138,äººä¹‹æ€’,2021 / ç¾å›½ è‹±å›½ / åŠ¨ä½œ çŠ¯ç½ª / ç›–Â·é‡Œå¥‡ / æ°æ£®Â·æ–¯å¦æ£® éœç‰¹Â·éº¦å…‹å¡å…°å°¼,https://img9.doubanio.com/view/photo/m_ratio_poster/public/p2642842673.jpg,https://movie.douban.com/subject/27046740/,6.7,"åŠ¨ä½œ,çŠ¯ç½ª",3.5,,,2021-05-14 00:07:50
2863389978,æ‚¬å´–ä¹‹ä¸Š,2021 / ä¸­å›½å¤§é™† ä¸­å›½é¦™æ¸¯ / å‰§æƒ… åŠ¨ä½œ æ‚¬ç–‘ / å¼ è‰ºè°‹ / å¼ è¯‘ äºå’Œä¼Ÿ,https://img9.doubanio.com/view/photo/m_ratio_poster/public/p2636475385.jpg,https://movie.douban.com/subject/32493124/,7.6,"å‰§æƒ…,åŠ¨ä½œ,æ‚¬ç–‘",4,,,2021-05-04 00:33:24
2813242498,æ³¢æ–¯è¯­è¯¾,2020 / ä¿„ç½—æ–¯ å¾·å›½ ç™½ä¿„ç½—æ–¯ / å‰§æƒ… / ç“¦è¿ªå§†Â·ä½©å°”æ›¼ / çº³å¨å°”Â·ä½©é›·å…¹Â·æ¯•æ–¯å¡äºšç‰¹ æ‹‰æ–¯Â·è‰¾ä¸æ ¼,https://img9.doubanio.com/view/photo/m_ratio_poster/public/p2588101332.jpg,https://movie.douban.com/subject/30466931/,8.1,å‰§æƒ…,4,,,2021-03-28 00:43:05
2789710952,åˆæ³•ä¼´ä¾£,2019 / ä¸­å›½å¤§é™† ä¸­å›½é¦™æ¸¯ / å–œå‰§ çˆ±æƒ… / é»„é›· / ææ²»å»· å¼ æ¦•å®¹,https://img9.doubanio.com/view/photo/m_ratio_poster/public/p2634807354.jpg,https://movie.douban.com/subject/30174652/,3.4,"å–œå‰§,çˆ±æƒ…",1.5,,,2021-03-15 10:45:41
2789381860,æ°¸è¿œçš„ç¬¬ä¸€å,2021 / ä¸­å›½å°æ¹¾ / çˆ±æƒ… åŒæ€§ / å§œç‘æ™º / æ—å­é—³ æ¨å®‡è…¾,https://img9.doubanio.com/view/photo/m_ratio_poster/public/p2628543356.jpg,https://movie.douban.com/subject/35230696/,8.3,"çˆ±æƒ…,åŒæ€§",4,,,2021-03-15 00:19:06
2764170353,æœªçŸ¥ç”µå½±,,https://img9.doubanio.com/f/frodo/753fa1e93c945e533e52dddab73b2b55a1083083/pics/subject/movie_large.jpg,https://movie.douban.com/subject/1828213/,0,,0,,,2021-02-25 08:35:24
2762812774,åˆºæ€å°è¯´å®¶,2021 / ä¸­å›½å¤§é™† / åŠ¨ä½œ å¥‡å¹» å†’é™© / è·¯é˜³ / é›·ä½³éŸ³ æ¨å¹‚,https://img9.doubanio.com/view/photo/m_ratio_poster/public/p2628440875.jpg,https://movie.douban.com/subject/26826330/,6.5,"åŠ¨ä½œ,å¥‡å¹»,å†’é™©",3.5,,,2021-02-23 21:11:53
2752091003,å¯‚é™å²­,2006 / åŠ æ‹¿å¤§ æ³•å›½ / æ‚¬ç–‘ ææ€– / å…‹é‡Œæ–¯å¤šå¤«Â·ç”˜æ–¯ / æ‹‰è¾¾Â·ç±³åˆ‡å°” ç¥–è’‚Â·å¼—å…°,https://img9.doubanio.com/view/photo/m_ratio_poster/public/p554634907.jpg,https://movie.douban.com/subject/1466007/,7.7,"æ‚¬ç–‘,ææ€–",4,,,2021-02-18 17:42:23
2748202019,æ–°ç¥æ¦œï¼šå“ªå’é‡ç”Ÿ,2021 / ä¸­å›½å¤§é™† / åŠ¨ä½œ åŠ¨ç”» å¥‡å¹» / èµµéœ / æ¨å¤©ç¿” å¼ èµ«,https://img9.doubanio.com/view/photo/m_ratio_poster/public/p2631711326.jpg,https://movie.douban.com/subject/34779692/,6.9,"åŠ¨ä½œ,åŠ¨ç”»,å¥‡å¹»",3.5,,,2021-02-17 03:44:55
2547318549,å¹²ç‡¥çš„é£,2020 / å·´è¥¿ / å‰§æƒ… æƒ…è‰² åŒæ€§ / ä¸¹å°¼å°”Â·è¯ºæ‹‰æ–¯ç§‘ / Leandro Faria Lelo Allan Jacinto Santana,https://img9.doubanio.com/view/photo/m_ratio_poster/public/p2675339176.jpg,https://movie.douban.com/subject/34961675/,6.3,"å‰§æƒ…,æƒ…è‰²,åŒæ€§",3,,,2021-02-11 01:07:32
2710426582,å´–ä¸Šçš„æ³¢å¦,2008 / æ—¥æœ¬ / åŠ¨ç”» å¥‡å¹» å†’é™© / å®«å´éª / å¥ˆè‰¯æŸšè‰çˆ± åœŸäº•æ´‹è¾‰,https://img9.doubanio.com/view/photo/m_ratio_poster/public/p2627847859.jpg,https://movie.douban.com/subject/1959877/,8.6,"åŠ¨ç”»,å¥‡å¹»,å†’é™©",4.5,,,2021-01-26 19:50:45
2710187254,å¿ƒçµå¥‡æ—…,2020 / ç¾å›½ / åŠ¨ç”» å¥‡å¹» éŸ³ä¹ / å½¼ç‰¹Â·é“æ ¼ç‰¹ å‡¯æ™®Â·é²å°”æ–¯ / æ°ç±³Â·ç¦å…‹æ–¯ è’‚å¨œÂ·è²,https://img9.doubanio.com/view/photo/m_ratio_poster/public/p2626308994.jpg,https://movie.douban.com/subject/24733428/,8.7,"åŠ¨ç”»,å¥‡å¹»,éŸ³ä¹",4.5,,,2021-01-26 16:47:13
2689286201,æ‘©ç™»æƒ…çˆ± ç¬¬ä¸€å­£,2019 / ç¾å›½ / å–œå‰§ çˆ±æƒ… / çº¦ç¿°Â·å¡å°¼ åŸƒç±³Â·ç½—æ£® æ±¤å§†Â·è±ªå°” èæœ—Â·è±ªæ ¹ / å®‰å¦®Â·æµ·ç‘Ÿè–‡ å®‰å¾·é²Â·æ–¯ç§‘ç‰¹,https://img9.doubanio.com/view/photo/m_ratio_poster/public/p2564153546.jpg,https://movie.douban.com/subject/30385409/,8.8,"å–œå‰§,çˆ±æƒ…",4.5,,,2021-01-26 02:19:25
2563148018,åˆ°äº†30å²è¿˜æ˜¯å¤„ç”·ï¼Œä¼¼ä¹ä¼šå˜æˆé­”æ³•å¸ˆ,2020 / æ—¥æœ¬ / çˆ±æƒ… å¥‡å¹» åŒæ€§ / é£é—´å¤ªæ ‘ æ±¤æµ…å¼˜ç«  æ—é›…è´µ / èµ¤æ¥šå«äºŒ ç”ºç”°å¯å¤ª,https://img9.doubanio.com/view/photo/m_ratio_poster/public/p2622449274.jpg,https://movie.douban.com/subject/35201416/,8.8,"çˆ±æƒ…,å¥‡å¹»,åŒæ€§",4.5,,,2021-01-23 01:05:51
2653449043,é¸£é¸Ÿä¸é£ï¼šä¹Œäº‘å¯†å¸ƒ,2020 / æ—¥æœ¬ / åŠ¨ç”» åŒæ€§ / ç‰§ç”°ä½³ç»‡ / æ–°å£æ¨½åŠ© ç¾½å¤šé‡æ¶‰,https://img9.doubanio.com/view/photo/m_ratio_poster/public/p2586787185.jpg,https://movie.douban.com/subject/33425932/,8.3,"åŠ¨ç”»,åŒæ€§",4,,,2021-01-14 02:11:47
2653449348,ç©·é€”é¼ çš„å¥¶é…ªæ¢¦,2020 / æ—¥æœ¬ / å‰§æƒ… åŒæ€§ / è¡Œå®šå‹‹ / å¤§ä»“å¿ ä¹‰ æˆç”°å‡Œ,https://img9.doubanio.com/view/photo/m_ratio_poster/public/p2586418907.jpg,https://movie.douban.com/subject/30443686/,7.6,"å‰§æƒ…,åŒæ€§",4,,,2021-01-13 03:19:53
2681754338,æ€§å¥´å…»æˆè®°,2018 / ç¾å›½ / å‰§æƒ… æƒŠæ‚š / Daniel Armando / Marcus Bellamy Patrick Kuzara,https://img9.doubanio.com/view/photo/m_ratio_poster/public/p2595614087.jpg,https://movie.douban.com/subject/30325928/,0,"å‰§æƒ…,æƒŠæ‚š",0,,,2021-01-08 03:10:32
2672990038,é€ä½ ä¸€æœµå°çº¢èŠ±,2020 / ä¸­å›½å¤§é™† / å‰§æƒ… / éŸ©å»¶ / æ˜“çƒŠåƒçº åˆ˜æµ©å­˜,https://img9.doubanio.com/view/photo/m_ratio_poster/public/p2618247457.jpg,https://movie.douban.com/subject/35096844/,7.2,å‰§æƒ…,3.5,,,2021-01-02 23:38:07
2575822131,åˆ»åœ¨ä½ å¿ƒåº•çš„åå­—,2020 / ä¸­å›½å°æ¹¾ / å‰§æƒ… åŒæ€§ / æŸ³å¹¿è¾‰ / é™ˆæ˜Šæ£® æ›¾æ•¬éª…,https://img9.doubanio.com/view/photo/m_ratio_poster/public/p2617820253.jpg,https://movie.douban.com/subject/33408026/,7.3,"å‰§æƒ…,åŒæ€§",3.5,,,2020-12-29 01:49:09
2649149930,ç´§æ€¥æ•‘æ´,2020 / ä¸­å›½å¤§é™† ä¸­å›½é¦™æ¸¯ / åŠ¨ä½œ ç¾éš¾ / æ—è¶…è´¤ / å½­äºæ™ ç‹å½¦éœ–,https://img9.doubanio.com/view/photo/m_ratio_poster/public/p2627025706.jpg,https://movie.douban.com/subject/26342391/,5.9,"åŠ¨ä½œ,ç¾éš¾",3,,,2020-12-19 23:49:04
2550316167,å¼‚æ˜Ÿç¾å˜ ç¬¬ä¸€å­£,2020 / ç¾å›½ / å‰§æƒ… ç§‘å¹» / é›·å¾·åˆ©Â·æ–¯ç§‘ç‰¹ å¢å…‹Â·æ–¯ç§‘ç‰¹ å¡å°”å‰å¥¥Â·ç±³ç±³å¡-æˆˆèµ äºšå†å…‹æ–¯Â·åŠ å·´è¥¿ è©¹å§†æ–¯Â·å“ˆç»´æ–¯ / é˜¿æ›¼è¾¾Â·ç§‘æ— å´”ç»´æ–¯Â·è´¹ç±³å°”,https://img9.doubanio.com/view/photo/m_ratio_poster/public/p2616308032.jpg,https://movie.douban.com/subject/30345691/,8.1,"å‰§æƒ…,ç§‘å¹»",4,,,2020-11-25 23:08:36
2609557801,ç¯å¤ªå¹³æ´‹ï¼šé›·éœ†å†èµ·,2018 / è‹±å›½ ä¸­å›½å¤§é™† æ—¥æœ¬ ç¾å›½ å¢¨è¥¿å“¥ / åŠ¨ä½œ ç§‘å¹» å†’é™© / æ–¯è’‚æ–‡Â·SÂ·è¿ªå¥ˆç‰¹ / çº¦ç¿°Â·åšè€¶åŠ  å¡è‰Â·å²æ´¾å¦®,https://img9.doubanio.com/view/photo/m_ratio_poster/public/p2512933684.jpg,https://movie.douban.com/subject/20435622/,5.4,"åŠ¨ä½œ,ç§‘å¹»,å†’é™©",2.5,,,2020-11-21 23:02:01
2609554144,ç¯å¤ªå¹³æ´‹,2013 / ç¾å›½ / åŠ¨ä½œ ç§‘å¹» å†’é™© / å‰å°”è«Â·å¾·å°”Â·æ‰˜ç½— / æŸ¥ç†Â·æ±‰çº³å§† èŠåœ°å‡›å­,https://img9.doubanio.com/view/photo/m_ratio_poster/public/p2043625972.jpg,https://movie.douban.com/subject/5323968/,7.7,"åŠ¨ä½œ,ç§‘å¹»,å†’é™©",4,,,2020-11-21 23:00:59
2590571777,ä»¥ä½ çš„å¿ƒè¯ é‡Šæˆ‘çš„çˆ±,2020 / æ³°å›½ / å‰§æƒ… çˆ±æƒ… åŒæ€§ / çº³å¢æ‹œÂ·åº“è¯º / æ™®æè“¬Â·é˜¿è¨æ‹‰å¡”çº³åŠŸ å…‹é‡Œç‰¹Â·å®‰åŠªè‰¾å¾·å¥‡åº·,https://img9.doubanio.com/view/photo/m_ratio_poster/public/p2622131925.jpg,https://movie.douban.com/subject/34979008/,9.3,"å‰§æƒ…,çˆ±æƒ…,åŒæ€§",4.5,,,2020-11-09 23:50:18
2555805792,å¤ºå† ,2020 / ä¸­å›½å¤§é™† ä¸­å›½é¦™æ¸¯ / å‰§æƒ… è¿åŠ¨ / é™ˆå¯è¾› / å·©ä¿ é»„æ¸¤,https://img9.doubanio.com/view/photo/m_ratio_poster/public/p2620083313.jpg,https://movie.douban.com/subject/30128916/,7.1,"å‰§æƒ…,è¿åŠ¨",3.5,,,2020-10-06 12:54:27
2551280990,å§œå­ç‰™,2020 / ä¸­å›½å¤§é™† / å‰§æƒ… åŠ¨ç”» å¥‡å¹» / ç¨‹è…¾ æç‚œ / éƒ‘å¸Œ æ¨å‡,https://img9.doubanio.com/view/photo/m_ratio_poster/public/p2621219978.jpg,https://movie.douban.com/subject/25907124/,6.6,"å‰§æƒ…,åŠ¨ç”»,å¥‡å¹»",3.5,,,2020-10-02 23:18:46
2539244617,å¿ƒè·³æ— é™æ¬¡,2017 / ç¾å›½ / çˆ±æƒ… åŠ¨ç”» çŸ­ç‰‡ / Beth David Esteban Bravo / Nicholas J. Ainsworth Kelly Donohue,https://img9.doubanio.com/view/photo/m_ratio_poster/public/p2494988500.jpg,https://movie.douban.com/subject/27102542/,8.5,"çˆ±æƒ…,åŠ¨ç”»,çŸ­ç‰‡",4.5,,,2020-09-21 16:51:31
2539244408,è¯·ä»¥ä½ çš„ä»†äººå‘¼å”¤æˆ‘,2018 / ç¾å›½ / å–œå‰§ çŸ­ç‰‡ åŒæ€§ / Gerald Rascionato / Deirdre McCourt Tate Dewey,https://img9.doubanio.com/view/photo/m_ratio_poster/public/p2582321613.jpg,https://movie.douban.com/subject/34957898/,7.2,"å–œå‰§,çŸ­ç‰‡,åŒæ€§",3.5,,,2020-09-21 16:51:17
2528012316,æœªçŸ¥ç”µè§†å‰§,,https://img9.doubanio.com/f/frodo/568eb8fac54d39fe599b0de8c3f2aee1dbc43cf0/pics/subject/tv_large.jpg,https://movie.douban.com/subject/4729738/,0,,0,,,2020-09-11 21:21:57
2521914369,è™è ä¾ ï¼šä¾ å½±ä¹‹è°œ,2005 / ç¾å›½ è‹±å›½ / å‰§æƒ… åŠ¨ä½œ ç§‘å¹» / å…‹é‡Œæ–¯æ‰˜å¼—Â·è¯ºå…° / å…‹é‡Œæ–¯è’‚å®‰Â·è´å°” è¿ˆå…‹å°”Â·å‡¯æ©,https://img9.doubanio.com/view/photo/m_ratio_poster/public/p1563566300.jpg,https://movie.douban.com/subject/1309069/,8.5,"å‰§æƒ…,åŠ¨ä½œ,ç§‘å¹»",4.5,,,2020-09-06 21:09:09
1246834378,è™è ä¾ ï¼šé»‘æš—éª‘å£«,2008 / ç¾å›½ è‹±å›½ / å‰§æƒ… åŠ¨ä½œ ç§‘å¹» / å…‹é‡Œæ–¯æ‰˜å¼—Â·è¯ºå…° / å…‹é‡Œæ–¯è’‚å®‰Â·è´å°” å¸Œæ–¯Â·è±æ°,https://img9.doubanio.com/view/photo/m_ratio_poster/public/p462657443.jpg,https://movie.douban.com/subject/1851857/,9.2,"å‰§æƒ…,åŠ¨ä½œ,ç§‘å¹»",4.5,,,2020-09-06 14:01:40
2520726682,ä¿¡æ¡,2020 / ç¾å›½ è‹±å›½ / å‰§æƒ… åŠ¨ä½œ ç§‘å¹» / å…‹é‡Œæ–¯æ‰˜å¼—Â·è¯ºå…° / çº¦ç¿°Â·å¤§å«Â·åç››é¡¿ ç½—ä¼¯ç‰¹Â·å¸•ä¸æ£®,https://img9.doubanio.com/view/photo/m_ratio_poster/public/p2612061299.jpg,https://movie.douban.com/subject/30444960/,7.6,"å‰§æƒ…,åŠ¨ä½œ,ç§‘å¹»",4,,,2020-09-05 23:57:28
2155921132,1917,2019 / ç¾å›½ è‹±å›½ å°åº¦ è¥¿ç­ç‰™ åŠ æ‹¿å¤§ ä¸­å›½å¤§é™† / å‰§æƒ… æˆ˜äº‰ / è¨å§†Â·é—¨å¾·æ–¯ / ä¹”æ²»Â·éº¦å‡¯ è¿ªæ©Â·æŸ¥å°”æ–¯Â·æŸ¥æ™®æ›¼,https://img9.doubanio.com/view/photo/m_ratio_poster/public/p2587146023.jpg,https://movie.douban.com/subject/30252495/,8.5,"å‰§æƒ…,æˆ˜äº‰",4.5,,,2020-08-09 00:13:01
2483085633,æåº¦æ·±æµ·,2020 / æ³•å›½ / çºªå½•ç‰‡ / å‰å°”Â·å¯å·´åˆ© / Laurent Ballesta Thibault Rauby,https://img9.doubanio.com/view/photo/m_ratio_poster/public/p2612860068.jpg,https://movie.douban.com/subject/35131212/,8.3,çºªå½•ç‰‡,4,,,2020-08-08 21:04:43
2477576210,ä¹”ä¹”çš„å¼‚æƒ³ä¸–ç•Œ,2019 / ç¾å›½ æ·å…‹ æ–°è¥¿å…° / å‰§æƒ… å–œå‰§ æˆ˜äº‰ / å¡”ä¼ŠåŠ Â·ç»´è¿ªæ / ç½—æ›¼Â·æ ¼é‡ŒèŠ¬Â·æˆ´ç»´æ–¯ æ‰˜é©¬è¾›Â·éº¦è‚¯é½,https://img9.doubanio.com/view/photo/m_ratio_poster/public/p2567973073.jpg,https://movie.douban.com/subject/30170546/,8.3,"å‰§æƒ…,å–œå‰§,æˆ˜äº‰",4,,,2020-08-04 00:44:51
2476489702,æ˜Ÿé™…ç©¿è¶Š,2014 / ç¾å›½ è‹±å›½ åŠ æ‹¿å¤§ / å‰§æƒ… ç§‘å¹» å†’é™© / å…‹é‡Œæ–¯æ‰˜å¼—Â·è¯ºå…° / é©¬ä¿®Â·éº¦åº·çº³ å®‰å¦®Â·æµ·ç‘Ÿè–‡,https://img9.doubanio.com/view/photo/m_ratio_poster/public/p2614988097.jpg,https://movie.douban.com/subject/1889243/,9.4,"å‰§æƒ…,ç§‘å¹»,å†’é™©",4.5,,,2020-08-03 01:33:15
2466806403,é£å£°,2009 / ä¸­å›½å¤§é™† / çŠ¯ç½ª å‰§æƒ… æƒŠæ‚š / é™ˆå›½å¯Œ é«˜ç¾¤ä¹¦ / å‘¨è¿… æå†°å†°,https://img9.doubanio.com/view/photo/m_ratio_poster/public/p1599059779.jpg,https://movie.douban.com/subject/3734112/,8.4,"çŠ¯ç½ª,å‰§æƒ…,æƒŠæ‚š",4,,,2020-07-25 20:30:40
2463729589,å½“å¹¸ç¦æ¥æ•²é—¨,2006 / ç¾å›½ / å‰§æƒ… ä¼ è®° å®¶åº­ / åŠ å¸ƒé‡ŒåŸƒè±Â·ç©†å¥‡è¯º / å¨å°”Â·å²å¯†æ–¯ è´¾ç™»Â·å²å¯†æ–¯,https://img9.doubanio.com/view/photo/m_ratio_poster/public/p2614359276.jpg,https://movie.douban.com/subject/1849031/,9.2,"å‰§æƒ…,ä¼ è®°,å®¶åº­",4.5,,,2020-07-22 22:57:02
2461242613,å‘½è¿ä¹‹å¤œâ€”â€”å¤©ä¹‹æ¯â… ï¼šæ¶å…†ä¹‹èŠ±,2017 / æ—¥æœ¬ / åŠ¨ç”» å¥‡å¹» / é¡»è—¤å‹å¾· / æ‰å±±çºªå½° ä¸‹å±‹åˆ™å­,https://img9.doubanio.com/view/photo/m_ratio_poster/public/p2545044503.jpg,https://movie.douban.com/subject/25937991/,7.4,"åŠ¨ç”»,å¥‡å¹»",3.5,,,2020-07-20 21:22:46
2451667338,æœªçŸ¥ç”µå½±,,https://img9.doubanio.com/f/frodo/753fa1e93c945e533e52dddab73b2b55a1083083/pics/subject/movie_large.jpg,https://movie.douban.com/subject/33414580/,0,,0,,,2020-07-20 18:10:24
2419136830,ä½ çš„ç›®å…‰æ‰€åŠä¹‹å¤„,2020 / éŸ©å›½ / å‰§æƒ… çˆ±æƒ… åŒæ€§ / é»„å¤§ç‘Ÿ / éŸ©åŸºç¿ å¼ ä¹‰ç§€,https://img9.doubanio.com/view/photo/m_ratio_poster/public/p2599876441.jpg,https://movie.douban.com/subject/35047667/,8.3,"å‰§æƒ…,çˆ±æƒ…,åŒæ€§",4,,,2020-07-15 02:59:53
2451576193,ä»é›¶åˆ°æˆ‘çˆ±ä½ ,2019 / ç¾å›½ / çˆ±æƒ… åŒæ€§ / é“æ ¼Â·æ–¯çš®å°”æ›¼ / æ–¯ç§‘ç‰¹Â·è´åˆ© è¾¾é‡Œå°”Â·æ–¯è’‚èŠ¬æ–¯,https://img9.doubanio.com/view/photo/m_ratio_poster/public/p2570437242.jpg,https://movie.douban.com/subject/26759778/,5.6,"çˆ±æƒ…,åŒæ€§",3,,,2020-07-13 00:31:23
2451353762,çˆ±ä½ ï¼Œç»´å…‹æ‰˜ ç¬¬ä¸€å­£,2020 / ç¾å›½ / å‰§æƒ… å–œå‰§ çˆ±æƒ… / è‰¾ç±³Â·çº¦å…‹Â·é²å®¾ æ°æ£®Â·æ©æ–¯å‹’ çš®æ‹‰å°”Â·å‹ƒå§† è¿ˆå…‹å°”Â·ä¼¦è¯ºå…‹æ–¯ å®‰å¦®Â·å¼—è±å½» é˜¿å¥´Â·ç“¦åˆ©äºš æ°ä¼ŠÂ·å¡æ‹‰æ–¯ æ‰˜å¾·Â·éœå…°å¾· ä¸½è´å¡Â·çˆ±èˆ / å°¼å…‹Â·ç½—å®¾æ£® è¿ˆå…‹å°”Â·è¥¿ç±³è¯º,https://img9.doubanio.com/view/photo/m_ratio_poster/public/p2604750810.jpg,https://movie.douban.com/subject/33408054/,7.7,"å‰§æƒ…,å–œå‰§,çˆ±æƒ…",4,,,2020-07-12 21:57:22
2439763658,å¤§æ¬ºè¯ˆå¸ˆ,2020 / æ—¥æœ¬ / å‰§æƒ… åŠ¨ç”» / é•æœ¨å® æ¨±ç¾èƒœå¿— ç›Šå±±äº®å¸ èµ¤æ¾åº·è£• é“ƒæœ¨å­èª èŒ‰ç”°å“²æ˜ é‡‘æ£®é˜³å­ å¹³å‘æ™ºå­ ç™½å¹¡è‰¯å¿—ä¹‹ / å°æ—åƒæ™ƒ è¯¹è®¿éƒ¨é¡ºä¸€,https://img9.doubanio.com/view/photo/m_ratio_poster/public/p2601992345.jpg,https://movie.douban.com/subject/34456076/,8.5,"å‰§æƒ…,åŠ¨ç”»",4.5,,,2020-07-02 17:40:49
2370320588,çœŸå¿ƒåŠè§£,2020 / ç¾å›½ / å–œå‰§ çˆ±æƒ… åŒæ€§ / ä¼æ€è–‡ / è‰å¨…Â·åˆ˜æ˜“æ–¯ ä¸¹å°¼å°”Â·è¿ªé»˜,https://img9.doubanio.com/view/photo/m_ratio_poster/public/p2594916975.jpg,https://movie.douban.com/subject/33420285/,8,"å–œå‰§,çˆ±æƒ…,åŒæ€§",4,,,2020-06-14 22:16:14
2037841192,å°ä¸‘,2019 / ç¾å›½ åŠ æ‹¿å¤§ / å‰§æƒ… çŠ¯ç½ª æƒŠæ‚š / æ‰˜å¾·Â·è²åˆ©æ™®æ–¯ / åé‡‘Â·è²å°¼å…‹æ–¯ ç½—ä¼¯ç‰¹Â·å¾·å°¼ç½—,https://img9.doubanio.com/view/photo/m_ratio_poster/public/p2567198874.jpg,https://movie.douban.com/subject/27119724/,8.7,"å‰§æƒ…,çŠ¯ç½ª,æƒŠæ‚š",4.5,,,2020-06-12 00:45:31
2356750132,åæ ¡é£æš´ ç¬¬äºŒå­£,2019 / è¥¿ç­ç‰™ / å‰§æƒ… çŠ¯ç½ª æƒŠæ‚š / æ‹‰è’™Â·è¨æ‹‰è¨å°” / ä¼Šå¦æ£®Â·è‰¾æ–¯å¡ç±³äºš ç±³å¨œÂ·è‰¾å°”Â·å“ˆç›å°¼,https://img9.doubanio.com/view/photo/m_ratio_poster/public/p2568167793.jpg,https://movie.douban.com/subject/30354762/,8.3,"å‰§æƒ…,çŠ¯ç½ª,æƒŠæ‚š",4,,,2020-04-24 09:31:35
2355153876,ä¸­åå°å½“å®¶,1997 / æ—¥æœ¬ / åŠ¨ç”» / æ¡ˆçº³æ­£ç¾ æ‰å²›é‚¦ä¹… é¦™å·ä¸° é«˜æœ¨æ·³ é«˜æ‘å½° æ¸Šä¸ŠçœŸ ç¾½ç”Ÿå°šé– è¥¿ç”°å¥ä¸€ é“ƒæœ¨è½®æµéƒ è…°ç¹ç”· / ç”°ä¸­çœŸå¼“ é›ªé‡äº”æœˆ,https://img9.doubanio.com/view/photo/m_ratio_poster/public/p2225808630.jpg,https://movie.douban.com/subject/2993424/,8.6,åŠ¨ç”»,4.5,,,2020-04-23 01:35:36
2352188262,åæ ¡é£æš´ ç¬¬ä¸€å­£,2018 / è¥¿ç­ç‰™ / å‰§æƒ… æƒŠæ‚š / å¥¥é©¬å°”Â·é˜¿å°¤ç´¢ ç±³æ ¼å°”Â·è´å°”çº³å°”å¾·é˜¿å°¤,https://img9.doubanio.com/view/photo/m_ratio_poster/public/p2536842295.jpg,https://movie.douban.com/subject/27092429/,7.9,"å‰§æƒ…,æƒŠæ‚š",4,,,2020-04-21 00:47:10
2334151622,å…¨é¢å›å¿†,2012 / ç¾å›½ åŠ æ‹¿å¤§ / åŠ¨ä½œ ç§‘å¹» æƒŠæ‚š / ä¼¦Â·æ€€æ–¯æ›¼ / ç§‘æ—Â·æ³•ç‘å°” å‡¯ç‰¹Â·è´é‡‘èµ›å°”,https://img9.doubanio.com/view/photo/m_ratio_poster/public/p1659575372.jpg,https://movie.douban.com/subject/3569911/,7.1,"åŠ¨ä½œ,ç§‘å¹»,æƒŠæ‚š",3.5,,,2020-04-09 19:39:09
1097704120,è¥¿éƒ¨ä¸–ç•Œ ç¬¬ä¸€å­£,2016 / ç¾å›½ / ç§‘å¹» è¥¿éƒ¨ / ä¹”çº³æ£®Â·è¯ºå…° å¼ºå°¼Â·åè´å°” ç†æŸ¥å¾·Â·JÂ·åˆ˜æ˜“æ–¯ ç±³æ­‡å°”Â·éº¦å…‹æ‹‰ä¼¦ å°¼å°”Â·é©¬æ­‡å°” æ–‡æ£®ä½Â·çº³å¡”åˆ© å¼—é›·å¾·Â·æ‰˜è€¶ æ–¯è’‚èŠ¬Â·å¨å»‰å§†æ–¯ / åŸƒæ–‡Â·è•¾åˆ‡å°”Â·ä¼å¾· å®‰ä¸œå°¼Â·éœæ™®é‡‘æ–¯,https://img9.doubanio.com/view/photo/m_ratio_poster/public/p2403347953.jpg,https://movie.douban.com/subject/2338055/,8.9,"ç§‘å¹»,è¥¿éƒ¨",4.5,,,2020-04-04 17:10:59
2314665811,å‘¨æ©æ¥å›å»¶å®‰,2019 / ä¸­å›½å¤§é™† / å‰§æƒ… å†å² / å´å«ä¸œ åˆ˜åŠ² / åˆ˜åŠ² å”å›½å¼º,https://img9.doubanio.com/view/photo/m_ratio_poster/public/p2553832372.jpg,https://movie.douban.com/subject/30322432/,6.4,"å‰§æƒ…,å†å²",3,,,2020-03-29 20:33:28
2310506975,ç¾è€» æ³•å›½ç‰ˆ ç¬¬ä¸‰å­£,2019 / æ³•å›½ / å‰§æƒ… çˆ±æƒ… åŒæ€§ / å¤§å«Â·éœé›·æ ¼ / é˜¿å…‹å¡å‹’Â·å¥¥èµ«æ‰¬ ç±³æ­‡å°”Â·è´å°”,https://img9.doubanio.com/view/photo/m_ratio_poster/public/p2550261032.jpg,https://movie.douban.com/subject/30331451/,9.3,"å‰§æƒ…,çˆ±æƒ…,åŒæ€§",4.5,,,2020-03-27 15:09:01
2310506291,ç¾è€» ç¬¬ä¸‰å­£,2016 / æŒªå¨ / å‰§æƒ… çˆ±æƒ… åŒæ€§ / å°¤è‰å¨…Â·å®‰å¾·å§† / å¡”åˆ©äºšÂ·æ¡‘å¾·ç»´å…‹Â·è«å°” äº¨åˆ©å…‹Â·éœå°”å§†,https://img9.doubanio.com/view/photo/m_ratio_poster/public/p2409046767.jpg,https://movie.douban.com/subject/26811832/,9.6,"å‰§æƒ…,çˆ±æƒ…,åŒæ€§",5,,,2020-03-27 15:08:33
2263185304,å‡å¶å¤©æˆ,2020 / æ³°å›½ / å‰§æƒ… çˆ±æƒ… åŒæ€§ / ç»´æ‹‰å¥‡Â·é€šå‰æ‹‰ / ç“¦å¥‡æ‹‰ç»´ç‰¹Â·å¥‡ç“¦é›· æ¢…å¡”æ–‡Â·æ¬§å¸•è¥¿å®‰å¡ç¼,https://img9.doubanio.com/view/photo/m_ratio_poster/public/p2571538896.jpg,https://movie.douban.com/subject/34786767/,6.7,"å‰§æƒ…,çˆ±æƒ…,åŒæ€§",3.5,,,2020-03-21 22:45:35
2297813624,ç¬¬äº”å…ƒç´ ,1997 / æ³•å›½ è‹±å›½ ç¾å›½ / åŠ¨ä½œ ç§‘å¹» å†’é™© / å•å…‹Â·è´æ¾ / å¸ƒé²æ–¯Â·å¨åˆ©æ–¯ åŠ é‡ŒÂ·å¥¥å¾·æ›¼,https://img9.doubanio.com/view/photo/m_ratio_poster/public/p2217639745.jpg,https://movie.douban.com/subject/1293531/,8,"åŠ¨ä½œ,ç§‘å¹»,å†’é™©",4,,,2020-03-20 19:31:38
2279613927,å¥¥ç»´å°”å· ç¬¬ä¸€å­£,2017 / ç¾å›½ / å‰§æƒ… å–œå‰§ ç§‘å¹» / å¼ºÂ·å¡è¨ å¡æ€Â·éº¦å…‹æ³•å…° è©¹ç±³Â·å·´æ¯”ç‰¹ å¸ƒå…°å†œÂ·å¸ƒæ‹‰åŠ  è©¹å§†æ–¯Â·LÂ·åº·å¨ å‡¯åˆ©Â·å…‹ç½—å® ä¹”æ©Â·è´¹å„’ ä¹”çº³æ£®Â·å¼—é›·å…‹æ–¯ å¡”å…‹Â·ç›–èŒ¨ å‡¯æ–‡Â·éœå…‹æ–¯ ç½—ä¼¯ç‰¹Â·é‚“è‚¯Â·éº¦å…‹å°¼å°” / å¡æ€Â·éº¦å…‹æ³•å…° ä¹å¾—Â·ç§‘å°”æ›¼,https://img9.doubanio.com/view/photo/m_ratio_poster/public/p2496064810.jpg,https://movie.douban.com/subject/26845953/,8.6,"å‰§æƒ…,å–œå‰§,ç§‘å¹»",4.5,,,2020-03-13 06:00:46
2268839414,æœ‹å‹è¯·å¬å¥½,2020 / ä¸­å›½å¤§é™† / çœŸäººç§€ / æœæœ å‘¨å©· / ä½•ç‚… è°¢å¨œ,https://img9.doubanio.com/view/photo/m_ratio_poster/public/p2585215551.jpg,https://movie.douban.com/subject/34894591/,8.1,çœŸäººç§€,4,,,2020-03-07 13:15:56
2262492860,å“¥å“¥å¤ªçˆ±æˆ‘äº†æ€ä¹ˆåŠ,2017 / æ—¥æœ¬ / å–œå‰§ çˆ±æƒ… / æ²³åˆå‹‡äºº / åœŸå±‹å¤ªå‡¤ ç‰‡å¯„å‡‰å¤ª,https://img9.doubanio.com/view/photo/m_ratio_poster/public/p2453852192.jpg,https://movie.douban.com/subject/26989728/,6.8,"å–œå‰§,çˆ±æƒ…",3.5,,,2020-03-04 23:25:37
2241635261,ç¦å¿Œå¥³å­©,2018 / æ³°å›½ / å‰§æƒ… çŠ¯ç½ª æƒŠæ‚š / è¥¿è’‚æ–¯é‡ŒÂ·è’™å“¥è¥¿é‡Œ / çªæ´½Â·å®‰ç›è¾¾é›…æ·· Up Poompat Iam-samang,https://img9.doubanio.com/view/photo/m_ratio_poster/public/p2567702923.jpg,https://movie.douban.com/subject/30327894/,8.4,"å‰§æƒ…,çŠ¯ç½ª,æƒŠæ‚š",4,,,2020-02-28 14:16:00
2222067507,æ—¶è£…åº—é£æ³¢,2007 / å¾·å›½ / å–œå‰§ åŒæ€§ å®¶åº­ / Ingo Rasper / åŸƒå¾·åŠ Â·æ³½å°”æ ¼ å¼—ç½—é‡Œå®‰Â·å·´è¥¿å¥¥ç½—éº¦,https://img9.doubanio.com/view/photo/m_ratio_poster/public/p2186801114.jpg,https://movie.douban.com/subject/2979860/,7.2,"å–œå‰§,åŒæ€§,å®¶åº­",3.5,,,2020-02-20 18:14:01
2220847913,è‹¥ä¸–ç•Œå±äºæˆ‘,2008 / ç¾å›½ / å–œå‰§ å¥‡å¹» åŒæ€§ / æ±¤å§†Â·å¤æ–¯å¡”å¤«æ£® / å¦çº³Â·ç§‘æ© æ¸©è¿ªÂ·ç½—æ¯”,https://img9.doubanio.com/view/photo/m_ratio_poster/public/p1495506385.jpg,https://movie.douban.com/subject/3095684/,7.1,"å–œå‰§,å¥‡å¹»,åŒæ€§",3.5,,,2020-02-20 05:58:01
2203892311,ç¾åˆ©åšå¥³å£«,2020 / ç¾å›½ / çºªå½•ç‰‡ / æ‹‰å¨œÂ·å¨å°”æ£® / æ³°å‹’Â·æ–¯å¨å¤«ç‰¹ ä¹”Â·é˜¿å°”æ–‡,https://img9.doubanio.com/view/photo/m_ratio_poster/public/p2580967404.jpg,https://movie.douban.com/subject/34907421/,8.7,çºªå½•ç‰‡,4.5,,,2020-02-14 18:54:59
2185780238,è¯šé‚€è¾£å¦¹ï¼šç½‘ç»œæ€§ä¸çˆ±,2017 / ç¾å›½ / çºªå½•ç‰‡ / Jill Bauer Ronna Gradus Peter Logreco Sandra C. Alvarez æ‹‰ä»€è¾¾Â·ç¼æ–¯ / è‰¾åˆ©å¡Â·éœ²æ–¯ç‰¹ éœè‰Â·å…°å¾·å°”,https://img9.doubanio.com/view/photo/m_ratio_poster/public/p2456755882.jpg,https://movie.douban.com/subject/27029032/,8.1,çºªå½•ç‰‡,4,,,2020-02-08 19:29:15
2171728309,é©¬èµ›å…‹æ—¥æœ¬,2014 / æ—¥æœ¬ / å‰§æƒ… / æ°´ç”°ä¼¸ç”Ÿ / æ°¸å±±ç»šæ–— é«˜æ¡¥ä¸€ç”Ÿ,https://img9.doubanio.com/view/photo/m_ratio_poster/public/p2182458258.jpg,https://movie.douban.com/subject/25858737/,7.1,å‰§æƒ…,3.5,,,2020-02-03 19:56:59
2010989421,å…¨è£¸å¯¼æ¼” ç¬¬ä¸€å­£,2019 / æ—¥æœ¬ / å‰§æƒ… ä¼ è®° æƒ…è‰² / æ­¦æ­£æ™´ æ²³åˆå‹‡äºº å†…ç”°è‹±æ²» / å±±ç”°å­ä¹‹ æ»¡å²›çœŸä¹‹ä»‹,https://img9.doubanio.com/view/photo/m_ratio_poster/public/p2567773290.jpg,https://movie.douban.com/subject/30360724/,7.9,"å‰§æƒ…,ä¼ è®°,æƒ…è‰²",4,,,2020-02-03 09:58:29
2170231536,å¿ƒç†æµ‹é‡è€…SS3ï¼šåœ¨æ©æ€¨çš„å½¼æ–¹,2019 / æ—¥æœ¬ / åŠ¨ä½œ çŠ¯ç½ª åŠ¨ç”» / ç›è°·ç›´ä¹‰ / å…³æ™ºä¸€ è¯¸æ˜Ÿå ‡,https://img9.doubanio.com/view/photo/m_ratio_poster/public/p2547896006.jpg,https://movie.douban.com/subject/30163822/,7.6,"åŠ¨ä½œ,çŠ¯ç½ª,åŠ¨ç”»",4,,,2020-02-03 04:10:23
1995832556,å¿ƒç†æµ‹é‡è€…SS2ï¼šç¬¬ä¸€å«å£«,2019 / æ—¥æœ¬ / åŠ¨ä½œ çŠ¯ç½ª åŠ¨ç”» / ç›è°·ç›´ä¹‰ / ä¸œåœ°å®æ ‘ æœ‰æœ¬é’¦éš†,https://img9.doubanio.com/view/photo/m_ratio_poster/public/p2548995606.jpg,https://movie.douban.com/subject/30163821/,8,"åŠ¨ä½œ,çŠ¯ç½ª,åŠ¨ç”»",4,,,2020-02-03 04:10:17
2170231255,å¿ƒç†æµ‹é‡è€…SS1ï¼šç½ªä¸ç½š,2019 / æ—¥æœ¬ / åŠ¨ä½œ çŠ¯ç½ª åŠ¨ç”» / ç›è°·ç›´ä¹‰ / é‡å²›å¥å„¿ ä½ä»“ç»«éŸ³,https://img9.doubanio.com/view/photo/m_ratio_poster/public/p2546222468.jpg,https://movie.douban.com/subject/30163820/,7.2,"åŠ¨ä½œ,çŠ¯ç½ª,åŠ¨ç”»",3.5,,,2020-02-03 04:10:00
2170231145,å¿ƒç†æµ‹é‡è€…3,2019 / æ—¥æœ¬ / å‰§æƒ… çŠ¯ç½ª åŠ¨ç”» / ç›è°·ç›´ä¹‰ æœ¬å¹¿å…‹è¡Œ / æ¢¶è£•è´µ ä¸­æ‘æ‚ ä¸€,https://img9.doubanio.com/view/photo/m_ratio_poster/public/p2569880216.jpg,https://movie.douban.com/subject/30486591/,7.7,"å‰§æƒ…,çŠ¯ç½ª,åŠ¨ç”»",4,,,2020-02-03 04:09:50
2155925520,ä½†æ˜¯è¿˜æœ‰ä¹¦ç±,2019 / ä¸­å›½å¤§é™† / çºªå½•ç‰‡ / ç½—é¢–é¸¾ æ¨éªŠç  ç‹æ‚¦é˜³ éƒ‘è‹æ­ åˆ˜å€©ç‘œ å½­æ¬£å®‡ æ—å®¸è¥¿ / æœ±å²³ ä¿å›½æ—,https://img9.doubanio.com/view/photo/m_ratio_poster/public/p2577256090.jpg,https://movie.douban.com/subject/33418361/,9,çºªå½•ç‰‡,4.5,,,2020-01-28 19:21:11
2155846949,é—ªå…‰å°‘å¥³,2017 / ä¸­å›½å¤§é™† / å–œå‰§ éŸ³ä¹ / ç‹å†‰ / å¾ç’ å½­æ˜±ç•…,https://img9.doubanio.com/view/photo/m_ratio_poster/public/p2494275431.jpg,https://movie.douban.com/subject/26790961/,7.2,"å–œå‰§,éŸ³ä¹",3.5,,,2020-01-28 18:46:09
2154662171,æœªçŸ¥ç”µå½±,,https://img9.doubanio.com/f/frodo/753fa1e93c945e533e52dddab73b2b55a1083083/pics/subject/movie_large.jpg,https://movie.douban.com/subject/1941367/,0,,0,,,2020-01-28 03:30:10
2154030463,æ©¡çš®æµ·è±š,2018 / ä»¥è‰²åˆ— / å‰§æƒ… çŸ­ç‰‡ åŒæ€§ / æ¬§æ—¥Â·é˜¿å“ˆéš† / Chen Hefetz å¥¥å§†é‡ŒÂ·æ‹‰éš†,https://img9.doubanio.com/view/photo/m_ratio_poster/public/p2576215247.jpg,https://movie.douban.com/subject/30214057/,6.9,"å‰§æƒ…,çŸ­ç‰‡,åŒæ€§",3.5,,,2020-01-27 22:13:10
2152344643,ç©¿æ™®æ‹‰è¾¾çš„å¥³ç‹,2006 / ç¾å›½ æ³•å›½ / å‰§æƒ… å–œå‰§ / å¤§å«Â·å¼—å…°ç§‘å°” / æ¢…ä¸½å°”Â·æ–¯ç‰¹é‡Œæ™® å®‰å¦®Â·æµ·ç‘Ÿè–‡,https://img9.doubanio.com/view/photo/m_ratio_poster/public/p735379215.jpg,https://movie.douban.com/subject/1482072/,8.2,"å‰§æƒ…,å–œå‰§",4,,,2020-01-27 00:58:24
2149710661,æˆ‘äº²çˆ±çš„è¡¨å“¥,2019 / å·´è¥¿ / å‰§æƒ… å–œå‰§ çˆ±æƒ… / Mauro Carvalho è¿ªäºšå“¥Â·å¡è¨å¤š / è¿ªäºšå“¥Â·å¡è¨å¤š Paulo Sousa,https://img9.doubanio.com/view/photo/m_ratio_poster/public/p2563008383.jpg,https://movie.douban.com/subject/34333817/,7.3,"å‰§æƒ…,å–œå‰§,çˆ±æƒ…",3.5,,,2020-01-25 18:31:54
2146538578,æ€§çˆ±è‡ªä¿®å®¤ ç¬¬äºŒå­£,2020 / è‹±å›½ / å‰§æƒ… å–œå‰§ / æœ¬Â·æ³°å‹’ ç´¢è²Â·å¤å¾·å“ˆç‰¹ è‰¾ä¸½æ–¯Â·è¥¿å¸ƒèµ–ç‰¹ / é˜¿è¨Â·å·´ç‰¹è²å°”å¾· å‰è²Â·å®‰å¾·æ£®,https://img9.doubanio.com/view/photo/m_ratio_poster/public/p2588072875.jpg,https://movie.douban.com/subject/30438115/,9.1,"å‰§æƒ…,å–œå‰§",4.5,,,2020-01-22 19:53:00
2142208821,é“ç”²å°å®,1997 / æ—¥æœ¬ / å‰§æƒ… / å‚æœ¬å¤ªéƒ æ¸¡è¾¹èƒœä¹Ÿ çŸ³ç”°ç§€èŒƒ å²©åŸç›´æ¨¹ è¯¸ç”°æ• / äºŒè§ä¸€æ ‘ æœ¨æ‘é›…,https://img9.doubanio.com/view/photo/m_ratio_poster/public/p2329019726.jpg,https://movie.douban.com/subject/3713659/,8.7,å‰§æƒ…,4.5,,,2020-01-19 13:03:02
2141107875,ç¾ä¸½äººç”Ÿ,1997 / æ„å¤§åˆ© / å‰§æƒ… å–œå‰§ çˆ±æƒ… / ç½—ä¼¯æ‰˜Â·è´å°¼å°¼ / ç½—ä¼¯æ‰˜Â·è´å°¼å°¼ å°¼å¯è±å¡”Â·å¸ƒæ‹‰æ–¯åŸº,https://img9.doubanio.com/view/photo/m_ratio_poster/public/p2578474613.jpg,https://movie.douban.com/subject/1292063/,9.6,"å‰§æƒ…,å–œå‰§,çˆ±æƒ…",5,,,2020-01-18 17:56:40
2134287578,æ€§çš„å¼ åŠ›çŸ­ç‰‡é›†,2012 / ç¾å›½ æ³•å›½ é˜¿æ ¹å»· / å‰§æƒ… / é©¬å¯Â·ä¼¯æ ¼ Marcelo MÃ³naco / Lucas LagrÃ© Mario VerÃ³n,https://img9.doubanio.com/view/photo/m_ratio_poster/public/p2388495672.jpg,https://movie.douban.com/subject/19991051/,7.3,å‰§æƒ…,3.5,,,2020-01-13 22:07:20
2133794552,ç´«ç½—å…°æ°¸æ’èŠ±å›­å¤–ä¼ ï¼šæ°¸è¿œä¸è‡ªåŠ¨æ‰‹è®°äººå¶,2019 / æ—¥æœ¬ / å‰§æƒ… åŠ¨ç”» / è—¤ç”°æ˜¥é¦™ / çŸ³å·ç”±ä¾ èŒ…åŸå®é‡Œ,https://img9.doubanio.com/view/photo/m_ratio_poster/public/p2578722076.jpg,https://movie.douban.com/subject/33424345/,7.4,"å‰§æƒ…,åŠ¨ç”»",3.5,,,2020-01-13 15:35:44
2070942119,åˆ©åˆƒå‡ºé˜,2019 / ç¾å›½ / å‰§æƒ… å–œå‰§ çŠ¯ç½ª / è±æ©Â·çº¦ç¿°é€Š / ä¸¹å°¼å°”Â·å…‹é›·æ ¼ å®‰å¨œÂ·å¾·Â·é˜¿ç›æ–¯,https://img9.doubanio.com/view/photo/m_ratio_poster/public/p2574172427.jpg,https://movie.douban.com/subject/30318116/,8.1,"å‰§æƒ…,å–œå‰§,çŠ¯ç½ª",4,,,2019-12-05 14:41:43
2024408162,å¤©æ°”ä¹‹å­,2019 / æ—¥æœ¬ / çˆ±æƒ… åŠ¨ç”» å¥‡å¹» / æ–°æµ·è¯š / é†é†è™æ±°æœ— æ£®ä¸ƒèœ,https://img9.doubanio.com/view/photo/m_ratio_poster/public/p2558022335.jpg,https://movie.douban.com/subject/30402296/,7,"çˆ±æƒ…,åŠ¨ç”»,å¥‡å¹»",3.5,,,2019-11-02 00:24:15
1990394007,ä¸­å›½æœºé•¿,2019 / ä¸­å›½å¤§é™† / å‰§æƒ… ä¼ è®° ç¾éš¾ / åˆ˜ä¼Ÿå¼º / å¼ æ¶µäºˆ æ¬§è±ª,https://img9.doubanio.com/view/photo/m_ratio_poster/public/p2568258113.jpg,https://movie.douban.com/subject/30295905/,6.6,"å‰§æƒ…,ä¼ è®°,ç¾éš¾",3.5,,,2019-10-08 16:19:33
1974312483,åä¾¦æ¢æŸ¯å—ï¼šç»€é’ä¹‹æ‹³,2019 / æ—¥æœ¬ / åŠ¨ç”» æ‚¬ç–‘ / æ°¸å†ˆæ™ºä½³ / é«˜å±±å— å±±å£èƒœå¹³,https://img9.doubanio.com/view/photo/m_ratio_poster/public/p2566225091.jpg,https://movie.douban.com/subject/30208010/,5.8,"åŠ¨ç”»,æ‚¬ç–‘",3,,,2019-09-29 10:56:34
1974311153,ç½—å°é»‘æˆ˜è®°,2019 / ä¸­å›½å¤§é™† / åŠ¨ä½œ åŠ¨ç”» å¥‡å¹» / æœ¨å¤´ / å±±æ–° éƒç¥¥æµ·,https://img9.doubanio.com/view/photo/m_ratio_poster/public/p2568288336.jpg,https://movie.douban.com/subject/26709258/,8,"åŠ¨ä½œ,åŠ¨ç”»,å¥‡å¹»",4,,,2019-09-29 10:55:36
1892568683,ç›—æ¢¦ç©ºé—´,2010 / ç¾å›½ è‹±å›½ / å‰§æƒ… ç§‘å¹» æ‚¬ç–‘ / å…‹é‡Œæ–¯æ‰˜å¼—Â·è¯ºå…° / è±æ˜‚çº³å¤šÂ·è¿ªå¡æ™®é‡Œå¥¥ çº¦ç‘Ÿå¤«Â·é«˜ç™»-è±ç»´ç‰¹,https://img9.doubanio.com/view/photo/m_ratio_poster/public/p513344864.jpg,https://movie.douban.com/subject/3541415/,9.4,"å‰§æƒ…,ç§‘å¹»,æ‚¬ç–‘",4.5,,,2019-08-05 19:16:03
1879843125,å“ªå’ä¹‹é­”ç«¥é™ä¸–,2019 / ä¸­å›½å¤§é™† / å‰§æƒ… å–œå‰§ åŠ¨ç”» / é¥ºå­ / å•è‰³å©· å›§æ£®ç‘Ÿå¤«,https://img9.doubanio.com/view/photo/m_ratio_poster/public/p2563780504.jpg,https://movie.douban.com/subject/26794435/,8.4,"å‰§æƒ…,å–œå‰§,åŠ¨ç”»",4,,,2019-07-28 19:31:39
1346728139,2001å¤ªç©ºæ¼«æ¸¸,1968 / è‹±å›½ ç¾å›½ / ç§‘å¹» æƒŠæ‚š å†’é™© / æ–¯å¦åˆ©Â·åº“å¸ƒé‡Œå…‹ / å‡¯å°”Â·æœæ‹‰ åŠ é‡ŒÂ·æ´›å…‹ä¼å¾·,https://img9.doubanio.com/view/photo/m_ratio_poster/public/p2560717825.jpg,https://movie.douban.com/subject/1292226/,8.9,"ç§‘å¹»,æƒŠæ‚š,å†’é™©",4.5,,,2019-07-22 23:09:39
1869165805,æ¸¸æˆäººç”Ÿ é›¶,2017 / æ—¥æœ¬ / çˆ±æƒ… åŠ¨ç”» å¥‡å¹» / çŸ³å¡šæ•¦å­ / æ¾å†ˆç¥¯ä¸ èŒ…é‡çˆ±è¡£,https://img9.doubanio.com/view/photo/m_ratio_poster/public/p2561782374.jpg,https://movie.douban.com/subject/26837952/,7.7,"çˆ±æƒ…,åŠ¨ç”»,å¥‡å¹»",4,,,2019-07-21 14:49:10
1857333683,å‘½è¿ä¹‹å¤œâ€”â€”å¤©ä¹‹æ¯â…¡ï¼šè¿·å¤±ä¹‹è¶,2019 / æ—¥æœ¬ / å‰§æƒ… åŠ¨ç”» å¥‡å¹» / é¡»è—¤å‹å¾· / æ‰å±±çºªå½° ä¸‹å±‹åˆ™å­,https://img9.doubanio.com/view/photo/m_ratio_poster/public/p2561910374.jpg,https://movie.douban.com/subject/26759819/,7.6,"å‰§æƒ…,åŠ¨ç”»,å¥‡å¹»",4,,,2019-07-12 20:32:00
1842592269,ç©å…·æ€»åŠ¨å‘˜4,2019 / ç¾å›½ / å–œå‰§ åŠ¨ç”» å¥‡å¹» / ä¹”ä»€Â·åº“é›· / æ±¤å§†Â·æ±‰å…‹æ–¯ è’‚å§†Â·è‰¾ä¼¦,https://img9.doubanio.com/view/photo/m_ratio_poster/public/p2557284230.jpg,https://movie.douban.com/subject/6850547/,8.5,"å–œå‰§,åŠ¨ç”»,å¥‡å¹»",4.5,,,2019-07-01 15:58:05
1839510918,äº†ä¸èµ·çš„ç›–èŒ¨æ¯”,2013 / æ¾³å¤§åˆ©äºš ç¾å›½ / å‰§æƒ… çˆ±æƒ… / å·´å…¹Â·é²èµ«æ›¼ / è±æ˜‚çº³å¤šÂ·è¿ªå¡æ™®é‡Œå¥¥ å‡¯ç‘Â·ç©†é‡Œæ ¹,https://img9.doubanio.com/view/photo/m_ratio_poster/public/p2091221628.jpg,https://movie.douban.com/subject/3364223/,7.9,"å‰§æƒ…,çˆ±æƒ…",4,,,2019-06-29 14:51:50
1832594165,åƒä¸åƒå¯»,2001 / æ—¥æœ¬ / å‰§æƒ… åŠ¨ç”» å¥‡å¹» / å®«å´éª / æŸŠç‘ ç¾ å…¥é‡è‡ªç”±,https://img9.doubanio.com/view/photo/m_ratio_poster/public/p2557573348.jpg,https://movie.douban.com/subject/1291561/,9.4,"å‰§æƒ…,åŠ¨ç”»,å¥‡å¹»",4.5,,,2019-06-23 15:46:32
1820460793,å“¥æ–¯æ‹‰2ï¼šæ€ªå…½ä¹‹ç‹,2019 / ç¾å›½ æ—¥æœ¬ ä¸­å›½å¤§é™† åŠ æ‹¿å¤§ / åŠ¨ä½œ ç§‘å¹» å†’é™© / è¿ˆå…‹å°”Â·é“èµ«è’‚ / å‡¯å°”Â·é’±å¾·å‹’ ç»´æ‹‰Â·æ³•ç±³åŠ ,https://img9.doubanio.com/view/photo/m_ratio_poster/public/p2554370800.jpg,https://movie.douban.com/subject/25890017/,6.2,"åŠ¨ä½œ,ç§‘å¹»,å†’é™©",3,,,2019-06-13 01:59:20
1778289617,å¥³ç‹çš„æ•™å®¤,2005 / æ—¥æœ¬ / å‰§æƒ… / å¤§å¡šæ­å¸ å²©æœ¬ä»å¿— æ¸¡éƒ¨æ™ºæ˜ / å¤©æµ·ç¥å¸Œ ç¾½ç”°ç¾æ™ºå­,https://img9.doubanio.com/view/photo/m_ratio_poster/public/p2510030600.jpg,https://movie.douban.com/subject/1465654/,8.9,å‰§æƒ…,4.5,,,2019-05-07 01:10:46
1774643947,ç»‘å®š ç¬¬ä¸€å­£,2019 / ç¾å›½ / å‰§æƒ… å–œå‰§ / æ€€ç‰¹Â·é“å°” / ä½ä¼ŠÂ·è±æ–‡ å¸ƒå…°ç™»Â·æ–¯åå†…å°”,https://img9.doubanio.com/view/photo/m_ratio_poster/public/p2554587971.jpg,https://movie.douban.com/subject/30307228/,7.6,"å‰§æƒ…,å–œå‰§",4,,,2019-05-03 21:40:26
1773442959,é˜¿åŸºæ‹‰,1988 / æ—¥æœ¬ / åŠ¨ä½œ ç§‘å¹» åŠ¨ç”» / å¤§å‹å…‹æ´‹ / å²©ç”°å…‰å¤® ä½ä½æœ¨æœ›,https://img9.doubanio.com/view/photo/m_ratio_poster/public/p711283071.jpg,https://movie.douban.com/subject/1302770/,8.5,"åŠ¨ä½œ,ç§‘å¹»,åŠ¨ç”»",4.5,,,2019-05-02 21:41:56
1760309714,æƒŠçˆ†æ¸¸æˆ,2012 / æ—¥æœ¬ / å‰§æƒ… åŠ¨ç”» / æ¸¡è¾¹ç´ä¹ƒ ç»†å·ç§€æ ‘ é‡ä¸Šå’Œç”· å·è¶Šå´‡å¼˜ åŠ è—¤è¯š æ±Ÿå‰¯ä»ç¾ æ–‹è—¤å¾·æ˜ / æœ¬ä¹¡å¥å¤š ä¸‰æ£®é“ƒå­,https://img9.doubanio.com/view/photo/m_ratio_poster/public/p1664291412.jpg,https://movie.douban.com/subject/10788826/,7.5,"å‰§æƒ…,åŠ¨ç”»",4,,,2019-04-21 20:51:15
1744047240,çµèƒ½ç™¾åˆ†ç™¾II,2019 / æ—¥æœ¬ / å‰§æƒ… åŠ¨ç”» å¥‡å¹» / ç«‹å·è®© å¤§çŸ¢é›„å—£ è—¤æ³½ç ”ä¸€ é‡åŸå…‹ä¹Ÿ ä¸‰å®…å°†å¹³ è²äº•éš†å¼˜ é£ç”°åˆš æ›¾æ ¹åˆ©å¹¸ ç«¹å†…æµ©å¿— ä¼æŸè°• åœŸä¸Šæ ‘ / ä¼Šè—¤èŠ‚ç”Ÿ æ¨±äº•å­å®,https://img9.doubanio.com/view/photo/m_ratio_poster/public/p2540111206.jpg,https://movie.douban.com/subject/27011763/,9.6,"å‰§æƒ…,åŠ¨ç”»,å¥‡å¹»",5,,,2019-04-07 07:35:25
1718762897,çˆ±ï¼Œæ­»äº¡å’Œæœºå™¨äºº ç¬¬ä¸€å­£,2019 / ç¾å›½ / å–œå‰§ ç§‘å¹» åŠ¨ç”» / ç»´å…‹å¤šÂ·é©¬å°”å¤šçº³å¤š åŠ å¸ƒé‡ŒåŸƒå°”Â·å½­çº³åŸºå¥¥åˆ© é˜¿å°”å¼—é›·å¤šÂ·æ‰˜é›·æ–¯ å¼—å…°å…‹Â·å·´å°”æ£® é˜¿å°”è´æ‰˜Â·ç±³å°”æˆˆ è’‚å§†Â·ç±³å‹’ è¾¾ç±³å®‰Â·çº½è¯º æ°ç½—å§†Â·é™ˆ ç»´å¡”åˆ©Â·èˆ’èˆ’ç§‘ æ¬§æ–‡Â·æ²™åˆ©æ–‡ ç½—ä¼¯ç‰¹Â·ç“¦åˆ© æˆ´å¤«Â·å¨å°”é€Š ä¹”æ©Â·å¶ å“ˆç»´å°”Â·é›·è¥¿å¥¥Â·æ ¼é›·è¥¿äºš / æ–¯ç§‘ç‰¹Â·æ€€ç‰¹ è¯ºå…°Â·è¯ºæ–¯,https://img9.doubanio.com/view/photo/m_ratio_poster/public/p2551717438.jpg,https://movie.douban.com/subject/30424374/,9.2,"å–œå‰§,ç§‘å¹»,åŠ¨ç”»",4.5,,,2019-03-17 00:00:21
1711647472,èœ˜è››ä¾ ï¼šå¹³è¡Œå®‡å®™,2018 / ç¾å›½ / åŠ¨ä½œ ç§‘å¹» åŠ¨ç”» / é²å‹ƒÂ·ä½©å°”è¥¿å‡¯è’‚ å½¼å¾—Â·æ‹‰å§†é½ ç½—å¾·å°¼Â·ç½—æ–¯æ›¼ / æ²™æ¢…å…‹Â·æ‘©å°” æ°å…‹Â·çº¦ç¿°é€Š,https://img9.doubanio.com/view/photo/m_ratio_poster/public/p2535851348.jpg,https://movie.douban.com/subject/26374197/,8.6,"åŠ¨ä½œ,ç§‘å¹»,åŠ¨ç”»",4.5,,,2019-03-10 23:16:17
1661718828,æœªçŸ¥ç”µè§†å‰§,,https://img9.doubanio.com/f/frodo/568eb8fac54d39fe599b0de8c3f2aee1dbc43cf0/pics/subject/tv_large.jpg,https://movie.douban.com/subject/3024826/,0,,0,,,2019-02-08 12:28:53
1661718120,çº¯æƒ…ç½—æ›¼å²2,2008 / æ—¥æœ¬ / çˆ±æƒ… åŠ¨ç”» / ä»Šåƒç§‹ å±±å£ç¥å¸ ä¸­å±±æ•¦å² ç¥ä¿æ˜Œç™» å°æ—æµ©è¾… å‰ç”°ä¿Šå¸ é«˜æ‘é›„å¤ª æ¸¡è¾¹æ­£æ ‘ / æ¨±äº•å­å® èŠ±ç”°å…‰,https://img9.doubanio.com/view/photo/m_ratio_poster/public/p2225904444.jpg,https://movie.douban.com/subject/3199454/,8.6,"çˆ±æƒ…,åŠ¨ç”»",4.5,,,2019-02-08 12:28:23
1661717739,çº¯æƒ…ç½—æ›¼å²3,2015 / æ—¥æœ¬ / å–œå‰§ çˆ±æƒ… åŠ¨ç”» / ä»Šåƒç§‹ ä¸­æ‘è¿‘ä¸– åŠ è—¤æ˜¾ å®«å´ä¿®æ²» å®‰è—¤è´µå² å·ä¹…ä¿åœ­å² / æ¨±äº•å­å® èŠ±ç”°å…‰,https://img9.doubanio.com/view/photo/m_ratio_poster/public/p2269019134.jpg,https://movie.douban.com/subject/25716109/,8.7,"å–œå‰§,çˆ±æƒ…,åŠ¨ç”»",4.5,,,2019-02-08 12:28:09
1657214362,æµæµªåœ°çƒ,2019 / ä¸­å›½å¤§é™† / ç§‘å¹» å†’é™© ç¾éš¾ / éƒ­å¸† / å´äº¬ å±ˆæ¥šè§,https://img9.doubanio.com/view/photo/m_ratio_poster/public/p2545472803.jpg,https://movie.douban.com/subject/26266893/,7.9,"ç§‘å¹»,å†’é™©,ç¾éš¾",4,,,2019-02-06 01:23:35
1654696126,ä¹”çº³æ–¯,2018 / æ³•å›½ / å‰§æƒ… çˆ±æƒ… åŒæ€§ / å…‹é‡Œæ–¯æ‰˜å¤«Â·æŸ¥ç†å°” / è´¹åˆ©å…‹æ–¯Â·é©¬åˆ©é™¶å¾· å°¼å¤æ‹‰æ–¯Â·é²æ–‡æ–¯,https://img9.doubanio.com/view/photo/m_ratio_poster/public/p2538157284.jpg,https://movie.douban.com/subject/30286112/,7.4,"å‰§æƒ…,çˆ±æƒ…,åŒæ€§",3.5,,,2019-02-04 01:13:28
1653308656,å¯†å®¤é€ƒç”Ÿ,2019 / ç¾å›½ å—é / æ‚¬ç–‘ æƒŠæ‚š / äºšå½“Â·ç½—æ¯”ç‰¹å°” / æ³°å‹’Â·æ‹‰å¡å°” æ´›æ ¹Â·ç±³å‹’,https://img9.doubanio.com/view/photo/m_ratio_poster/public/p2543631842.jpg,https://movie.douban.com/subject/27109679/,7.1,"æ‚¬ç–‘,æƒŠæ‚š",3.5,,,2019-02-03 00:17:26
1619831722,æ€§çˆ±è‡ªä¿®å®¤ ç¬¬ä¸€å­£,2019 / è‹±å›½ / å‰§æƒ… å–œå‰§ / æœ¬Â·æ³°å‹’ å‡¯ç‰¹Â·èµ«ä¼¦ / é˜¿è¨Â·å·´ç‰¹è²å°”å¾· è‰¾ç›Â·éº¦åŸº,https://img9.doubanio.com/view/photo/m_ratio_poster/public/p2569324883.jpg,https://movie.douban.com/subject/27594217/,9.2,"å‰§æƒ…,å–œå‰§",4.5,,,2019-01-22 02:53:41
1604283490,æ¥ç”µç‹‚å“,2018 / ä¸­å›½å¤§é™† / å‰§æƒ… å–œå‰§ / äºæ·¼ / ä½Ÿå¤§ä¸º é©¬ä¸½,https://img9.doubanio.com/view/photo/m_ratio_poster/public/p2542268337.jpg,https://movie.douban.com/subject/30377703/,5.7,"å‰§æƒ…,å–œå‰§",3,,,2019-01-01 00:57:41
1583226139,æœºç”²æ‹³å‡»,2018 / æ—¥æœ¬ / å‰§æƒ… åŠ¨ç”» è¿åŠ¨ / æ£®å±±æ´‹ åœŸå±‹åº·éƒ å’Œç”°é«˜æ˜ å’Œç”°å“ä¹Ÿ è—¤æœ¬ä¹‰å­ è—¤æœ¬æ¬¡æœ— å¤è°·ç”°é¡ºä¹… å±±å†…ä¸œç”Ÿé›„ æ³‰ä¿è‰¯è¾… / ç»†è°·ä½³æ­£ æ–‹è—¤å¿—éƒ,https://img9.doubanio.com/view/photo/m_ratio_poster/public/p2520316571.jpg,https://movie.douban.com/subject/27157760/,8.9,"å‰§æƒ…,åŠ¨ç”»,è¿åŠ¨",4.5,,,2018-12-21 18:41:08
1583223148,å°–ç«¯åŒ»ç–—çš„çœŸç›¸,2018 / æ¾³å¤§åˆ©äºš ç¾å›½ / çºªå½•ç‰‡ / ç§‘æ¯”Â·è¿ªå…‹ / Robert Bridges Angie Firmalino,https://img9.doubanio.com/view/photo/m_ratio_poster/public/p2571546506.jpg,https://movie.douban.com/subject/30234901/,9.1,çºªå½•ç‰‡,4.5,,,2018-12-21 18:39:30
1484819005,åä¼šæ— æœŸ,2014 / ä¸­å›½å¤§é™† / å‰§æƒ… / éŸ©å¯’ / å†¯ç»å³° é™ˆæŸéœ–,https://img9.doubanio.com/view/photo/m_ratio_poster/public/p2195469915.jpg,https://movie.douban.com/subject/25805741/,7.2,å‰§æƒ…,3.5,,,2018-10-04 19:22:56
1447269820,å‡çº§,2018 / ç¾å›½ æ¾³å¤§åˆ©äºš / åŠ¨ä½œ ç§‘å¹» æƒŠæ‚š / é›·Â·æ²ƒçº³å°” / ç½—æ ¹Â·é©¬æ­‡å°”-æ ¼æ— æ¢…æ‹‰é‡ŒÂ·æ²ƒåˆ—ä½•,https://img9.doubanio.com/view/photo/m_ratio_poster/public/p2531034314.jpg,https://movie.douban.com/subject/27093707/,8.1,"åŠ¨ä½œ,ç§‘å¹»,æƒŠæ‚š",4,,,2018-08-23 14:15:10
1447124130,æœªçŸ¥ç”µè§†å‰§,,https://img9.doubanio.com/f/frodo/568eb8fac54d39fe599b0de8c3f2aee1dbc43cf0/pics/subject/tv_large.jpg,https://movie.douban.com/subject/1916936/,0,,0,,,2018-08-23 11:33:00
1279094136,è‡³æš—æ—¶åˆ»,2017 / è‹±å›½ ç¾å›½ / å‰§æƒ… ä¼ è®° å†å² / ä¹”Â·èµ–ç‰¹ / åŠ é‡ŒÂ·å¥¥å¾·æ›¼ å…‹é‡Œæ–¯æ±€Â·æ–¯ç§‘ç‰¹Â·æ‰˜é©¬æ–¯,https://img9.doubanio.com/view/photo/m_ratio_poster/public/p2504277551.jpg,https://movie.douban.com/subject/26761416/,8.5,"å‰§æƒ…,ä¼ è®°,å†å²",4.5,,,2018-08-14 12:41:54
1432238103,ä¸€å‡ºå¥½æˆ,2018 / ä¸­å›½å¤§é™† / å‰§æƒ… å–œå‰§ / é»„æ¸¤ / é»„æ¸¤ èˆ’æ·‡,https://img9.doubanio.com/view/photo/m_ratio_poster/public/p2529571873.jpg,https://movie.douban.com/subject/26985127/,7.1,"å‰§æƒ…,å–œå‰§",3.5,,,2018-08-10 22:03:13
1287146503,è¾¾æ‹‰æ–¯ä¹°å®¶ä¿±ä¹éƒ¨,2013 / ç¾å›½ / å‰§æƒ… ä¼ è®° åŒæ€§ / è®©-é©¬å…‹Â·ç“¦é›· / é©¬ä¿®Â·éº¦åº·çº³ è©¹å¦®å¼—Â·åŠ çº³,https://img9.doubanio.com/view/photo/m_ratio_poster/public/p2166160837.jpg,https://movie.douban.com/subject/1793929/,8.8,"å‰§æƒ…,ä¼ è®°,åŒæ€§",4.5,,,2018-08-05 00:13:33
1375273395,æå‡»ä¿±ä¹éƒ¨,1999 / ç¾å›½ å¾·å›½ æ„å¤§åˆ© / å‰§æƒ… åŠ¨ä½œ æ‚¬ç–‘ / å¤§å«Â·èŠ¬å¥‡ / çˆ±å¾·åÂ·è¯ºé¡¿ å¸ƒæ‹‰å¾·Â·çš®ç‰¹,https://img9.doubanio.com/view/photo/m_ratio_poster/public/p1910926158.jpg,https://movie.douban.com/subject/1292000/,9,"å‰§æƒ…,åŠ¨ä½œ,æ‚¬ç–‘",4.5,,,2018-07-29 17:12:35
1250300220,å‘¨æœ«æ—¶å…‰,2011 / è‹±å›½ / å‰§æƒ… çˆ±æƒ… åŒæ€§ / å®‰å¾·é²Â·æµ·æ ¼ / æ±¤å§†Â·åº“ä¼¦ å…‹é‡Œæ–¯Â·é’®,https://img9.doubanio.com/view/photo/m_ratio_poster/public/p1398423664.jpg,https://movie.douban.com/subject/6024430/,8.2,"å‰§æƒ…,çˆ±æƒ…,åŒæ€§",4,,,2018-07-27 22:41:13
1412969101,è½¬åˆ°ä½ ,2017 / è·å…° / å‰§æƒ… çŸ­ç‰‡ åŒæ€§ / å°¼å°”æ–¯Â·å¸ƒå°”è´¡æ° / ç“¦ä¼¦æ³°æ©Â·é˜¿ç»´ æ±¤ç§‘Â·åšæ£®,https://img9.doubanio.com/view/photo/m_ratio_poster/public/p2518359196.jpg,https://movie.douban.com/subject/30152175/,8.1,"å‰§æƒ…,çŸ­ç‰‡,åŒæ€§",4,,,2018-07-21 18:56:50
1341401555,çˆ±ä½ ï¼Œè¥¿è’™,2018 / ç¾å›½ / å–œå‰§ çˆ±æƒ… åŒæ€§ / æ ¼é‡Œæ ¼Â·ä¼¯å…°è’‚ / å°¼å…‹Â·ç½—å®¾æ£® è©¹å¦®å¼—Â·åŠ çº³,https://img9.doubanio.com/view/photo/m_ratio_poster/public/p2523592367.jpg,https://movie.douban.com/subject/26654498/,8.3,"å–œå‰§,çˆ±æƒ…,åŒæ€§",4,,,2018-07-16 06:56:04
1406332266,æˆ˜æ —æ€æœº,2018 / æ—¥æœ¬ / åŠ¨ç”» / å†…æµ·çº®å­ å®‡ç”°é’¢ä¹‹åŠ© å®æˆ·æ·³ è±å·ç›´æ ‘ æ¾ç”°æ¸… åè—¤åº·å¾· å¾·åœŸå¤§ä»‹ æ±Ÿå´æ…å¹³ / å†…ç”°é›„é©¬ é‡å²›å¥å„¿,https://img9.doubanio.com/view/photo/m_ratio_poster/public/p2523013169.jpg,https://movie.douban.com/subject/27178676/,9.2,åŠ¨ç”»,4.5,,,2018-07-15 08:50:06
1405515829,æˆ‘ä¸æ˜¯è¯ç¥,2018 / ä¸­å›½å¤§é™† / å‰§æƒ… å–œå‰§ / æ–‡ç‰§é‡ / å¾å³¥ ç‹ä¼ å›,https://img9.doubanio.com/view/photo/m_ratio_poster/public/p2561305376.jpg,https://movie.douban.com/subject/26752088/,9,"å‰§æƒ…,å–œå‰§",4.5,,,2018-07-14 00:27:47
1404894771,éè‡ªç„¶æ­»äº¡,2018 / æ—¥æœ¬ / å‰§æƒ… æ‚¬ç–‘ / å†¢åŸäºšç”±å­ ç«¹æ‘è°¦å¤ªéƒ æ‘å°¾å˜‰æ˜­ / çŸ³åŸé‡Œç¾ äº•æµ¦æ–°,https://img9.doubanio.com/view/photo/m_ratio_poster/public/p2510604929.jpg,https://movie.douban.com/subject/27140017/,9.4,"å‰§æƒ…,æ‚¬ç–‘",4.5,,,2018-07-13 01:25:24
1254059950,é“¶ç¿¼æ€æ‰‹2049,2017 / ç¾å›½ è‹±å›½ åŠ æ‹¿å¤§ åŒˆç‰™åˆ© è¥¿ç­ç‰™ å¢¨è¥¿å“¥ / å‰§æƒ… åŠ¨ä½œ ç§‘å¹» / ä¸¹å°¼æ–¯Â·ç»´ä¼¦çº½ç“¦ / ç‘æ©Â·é«˜æ–¯æ— å“ˆé‡Œæ£®Â·ç¦ç‰¹,https://img9.doubanio.com/view/photo/m_ratio_poster/public/p2501864539.jpg,https://movie.douban.com/subject/10512661/,8.3,"å‰§æƒ…,åŠ¨ä½œ,ç§‘å¹»",4,,,2018-07-08 00:43:52
1344772770,æœªçŸ¥ç”µå½±,,https://img9.doubanio.com/f/frodo/753fa1e93c945e533e52dddab73b2b55a1083083/pics/subject/movie_large.jpg,https://movie.douban.com/subject/1309046/,0,,0,,,2018-07-07 18:00:27
1391124848,åŒè¡Œï¼šå¥¥å…°å¤šç‰¹åˆ«ç¯‡,2016 / ç¾å›½ / çŠ¯ç½ª çºªå½•ç‰‡ åŒæ€§ / è‰¾åˆ©å¥¥ç‰¹Â·ä½©å‰ ä¼Šæ©Â·ä¸¹å°¼å°”,https://img9.doubanio.com/view/photo/m_ratio_poster/public/p2494282754.jpg,https://movie.douban.com/subject/26878436/,9.3,"çŠ¯ç½ª,çºªå½•ç‰‡,åŒæ€§",4.5,,,2018-06-17 21:48:15
1388851527,äº‘å›¾,2012 / å¾·å›½ ç¾å›½ ä¸­å›½é¦™æ¸¯ ä¸­å›½å¤§é™† æ–°åŠ å¡ / å‰§æƒ… ç§‘å¹» æ‚¬ç–‘ / æ±¤å§†Â·æå…‹å¨ æ‹‰å¨œÂ·æ²ƒå“æ–¯åŸº è‰è‰Â·æ²ƒå“æ–¯åŸº / æ±¤å§†Â·æ±‰å…‹æ–¯ å“ˆè‰Â·è´ç‘,https://img9.doubanio.com/view/photo/m_ratio_poster/public/p1719175505.jpg,https://movie.douban.com/subject/3530403/,8.1,"å‰§æƒ…,ç§‘å¹»,æ‚¬ç–‘",4,,,2018-06-15 23:40:58
1388849741,è‹±å›½å¼ä¸‘é—»,2018 / è‹±å›½ / å‰§æƒ… ä¼ è®° çŠ¯ç½ª / æ–¯è’‚èŠ¬Â·å¼—é›·æ–¯ / ä¼‘Â·æ ¼å…°ç‰¹ æœ¬Â·å«è‚–,https://img9.doubanio.com/view/photo/m_ratio_poster/public/p2522870728.jpg,https://movie.douban.com/subject/27038857/,8.8,"å‰§æƒ…,ä¼ è®°,çŠ¯ç½ª",4.5,,,2018-06-12 23:39:49
1322693058,å†å²ç³»ç”·ç”Ÿ,2006 / è‹±å›½ / å‰§æƒ… å–œå‰§ åŒæ€§ / å°¼å¤æ‹‰æ–¯Â·å¸Œç‰¹çº³ / å¡ç¼ªå°”Â·å®‰å¾·æ£® è©¹å§†æ–¯Â·æŸ¯ç™»,https://img9.doubanio.com/view/photo/m_ratio_poster/public/p454017789.jpg,https://movie.douban.com/subject/1871817/,8.2,"å‰§æƒ…,å–œå‰§,åŒæ€§",4,,,2018-06-03 23:16:36
1287146923,åç››é¡¿é‚®æŠ¥,2017 / ç¾å›½ è‹±å›½ / å‰§æƒ… ä¼ è®° å†å² / å²è’‚æ–‡Â·æ–¯çš®å°”ä¼¯æ ¼ / æ¢…ä¸½å°”Â·æ–¯ç‰¹é‡Œæ™® æ±¤å§†Â·æ±‰å…‹æ–¯,https://img9.doubanio.com/view/photo/m_ratio_poster/public/p2505577378.jpg,https://movie.douban.com/subject/26990609/,8.3,"å‰§æƒ…,ä¼ è®°,å†å²",4,,,2018-05-19 20:13:21
1352519499,å¹´å°‘è½»ç‹‚,2016 / çˆ±å°”å…° / å–œå‰§ çŠ¯ç½ª å†’é™© / å½¼å¾—Â·ç¦ç‰¹ / äºšå†å…‹æ–¯Â·å¢¨è² å…‹é‡Œæ–¯Â·ç“¦åˆ©,https://img9.doubanio.com/view/photo/m_ratio_poster/public/p2387703467.jpg,https://movie.douban.com/subject/26876180/,8.1,"å–œå‰§,çŠ¯ç½ª,å†’é™©",4,,,2018-04-04 20:42:01
1349890767,é©¬æˆä¹‹ç‹,2017 / ç¾å›½ / å‰§æƒ… ä¼ è®° æ­Œèˆ / è¿ˆå…‹å°”Â·æ ¼é›·è¥¿ / ä¼‘Â·æ°å…‹æ›¼ ç±³æ­‡å°”Â·å¨å»‰å§†æ–¯,https://img9.doubanio.com/view/photo/m_ratio_poster/public/p2511346392.jpg,https://movie.douban.com/subject/3914513/,7.7,"å‰§æƒ…,ä¼ è®°,æ­Œèˆ",4,,,2018-03-31 07:06:25
1342582907,è¿œå¤§å‰ç¨‹,2012 / è‹±å›½ ç¾å›½ / å‰§æƒ… / è¿ˆå…‹Â·å†…å¨å°” / æ‹‰å°”å¤«Â·è´¹å› æ–¯ æµ·ä¼¦å¨œÂ·ä¼¯ç¿°Â·å¡ç‰¹,https://img9.doubanio.com/view/photo/m_ratio_poster/public/p1785311870.jpg,https://movie.douban.com/subject/6731993/,6.8,å‰§æƒ…,3.5,,,2018-03-17 12:09:33
1326918909,ç²‰é›„æ•‘å…µ ç¬¬ä¸€å­£,2018 / ç¾å›½ / çœŸäººç§€ / é²æ¯”Â·ä¼¯å…‹ å¡æ‹‰è«Â·å¸ƒæœ—,https://img9.doubanio.com/view/photo/m_ratio_poster/public/p2511166254.jpg,https://movie.douban.com/subject/26964443/,9.3,çœŸäººç§€,4.5,,,2018-02-19 16:27:10
1301608973,æ¯åˆ†é’Ÿ120å‡»,2017 / æ³•å›½ / å‰§æƒ… åŒæ€§ / ç½—å®¾Â·åçš®ç•¥ / çº³å¨å°”Â·ä½©é›·å…¹Â·æ¯•æ–¯å¡äºšç‰¹ é˜¿è¯ºå¾·Â·ç“¦å¢ç“¦,https://img9.doubanio.com/view/photo/m_ratio_poster/public/p2476693368.jpg,https://movie.douban.com/subject/26746559/,8.3,"å‰§æƒ…,åŒæ€§",4,,,2018-02-19 09:50:13
1325740786,è¯·å’Œè¿™ä¸ªæ²¡ç”¨çš„æˆ‘è°ˆæ‹çˆ±,2016 / æ—¥æœ¬ / å–œå‰§ çˆ±æƒ… / æ²³åˆå‹‡äºº ç¦ç”°äº®ä»‹ æœˆå·ç¿” / æ·±ç”°æ­å­ è—¤å†ˆé›,https://img9.doubanio.com/view/photo/m_ratio_poster/public/p2328248783.jpg,https://movie.douban.com/subject/26665269/,7.4,"å–œå‰§,çˆ±æƒ…",3.5,,,2018-02-17 22:35:14
1322698033,æœªçŸ¥ç”µå½±,,https://img9.doubanio.com/f/frodo/753fa1e93c945e533e52dddab73b2b55a1083083/pics/subject/movie_large.jpg,https://movie.douban.com/subject/26344688/,0,,0,,,2018-02-12 02:56:02
1322698020,ä¸ºçˆ±æ‰€å›°,2014 / æ³°å›½ / çˆ±æƒ… åŒæ€§ / Rachi Kusonkusiri / å¿–æ‹‰é€Â·å€¥éŸ³æ¶Œ é‚£ç“¦Â·è“¬æœ´æå²¸,https://img9.doubanio.com/view/photo/m_ratio_poster/public/p2197611234.jpg,https://movie.douban.com/subject/25933340/,8.6,"çˆ±æƒ…,åŒæ€§",4.5,,,2018-02-12 02:55:57
1322697984,ä¸€å¹´ç”Ÿ,2016 / æ³°å›½ / å‰§æƒ… çˆ±æƒ… åŒæ€§ / à¸œà¸”à¸¸à¸‡ à¸ªà¸¡à¸²à¸ˆà¸²à¸£ / çš®æ‹‰ç“¦Â·å±±å¡ææ‹‰ å·´æ‹‰å¥‡äºšÂ·é²æ´›,https://img9.doubanio.com/view/photo/m_ratio_poster/public/p2376518696.jpg,https://movie.douban.com/subject/26862270/,8.8,"å‰§æƒ…,çˆ±æƒ…,åŒæ€§",4.5,,,2018-02-12 02:55:40
1322691285,æ¬²ç›–å¼„æ½®,2007 / ç¾å›½ / å‰§æƒ… çˆ±æƒ… åŒæ€§ / ä¹”çº³Â·é©¬ç§‘ç»´èŒ¨ / ç‰¹è±æ²ƒÂ·æ€€ç‰¹ å¸ƒè±å¾·Â·ç½—,https://img9.doubanio.com/view/photo/m_ratio_poster/public/p1414965747.jpg,https://movie.douban.com/subject/2338019/,8.1,"å‰§æƒ…,çˆ±æƒ…,åŒæ€§",4,,,2018-02-12 02:17:39
1320609884,é…·å„¿ä»¬,2017 / è‹±å›½ / å‰§æƒ… åŒæ€§ / é©¬å…‹Â·åŠ è’‚æ–¯ / æœ¬Â·å«è‚– è²æ©Â·æ€€ç‰¹æµ·å¾·,https://img9.doubanio.com/view/photo/m_ratio_poster/public/p2494520916.jpg,https://movie.douban.com/subject/27032266/,9,"å‰§æƒ…,åŒæ€§",4.5,,,2018-02-09 18:42:33
1320590333,å‰¯æœ¬ ç¬¬ä¸€å­£,2018 / ç¾å›½ / å‰§æƒ… ç§‘å¹» æƒŠæ‚š / ä¹Œå¡”Â·å¸ƒé‡Œå…¹ç»´èŒ¨ å½¼å¾—Â·éœå°” å°¼å…‹Â·èµ«ä¼¦ å®‰è¿ªÂ·æˆˆè¾¾å¾· è‰¾åˆ©å…‹æ–¯Â·æ ¼é›·å¤«æ–¯ ç±³æ ¼å°”Â·è¨æ™®ä»€å°¼å…‹ / ä¹”å°”Â·é‡‘çº³æ›¼ è©¹å§†æ–¯Â·é²å¼—,https://img9.doubanio.com/view/photo/m_ratio_poster/public/p2509732403.jpg,https://movie.douban.com/subject/25814668/,7.7,"å‰§æƒ…,ç§‘å¹»,æƒŠæ‚š",4,,,2018-02-08 12:43:28
1316766005,æ— é—®è¥¿ä¸œ,2018 / ä¸­å›½å¤§é™† / å‰§æƒ… çˆ±æƒ… æˆ˜äº‰ / æèŠ³èŠ³ / ç« å­æ€¡ é»„æ™“æ˜,https://img9.doubanio.com/view/photo/m_ratio_poster/public/p2507572275.jpg,https://movie.douban.com/subject/6874741/,7.5,"å‰§æƒ…,çˆ±æƒ…,æˆ˜äº‰",4,,,2018-02-01 20:12:29
1314054493,é¡¹é“¾,2014 / æ„å¤§åˆ© / å‰§æƒ… åŒæ€§ / Lorenzo Caproni / Emanuel Caserio Antonio De Matteo,https://img9.doubanio.com/view/photo/m_ratio_poster/public/p2596148239.jpg,https://movie.douban.com/subject/26611096/,6.6,"å‰§æƒ…,åŒæ€§",3.5,,,2018-01-28 00:35:33
1314023901,å®¤ä¸­ç”·å­© ç¬¬ä¸€å­£,2014 / æ³•å›½ / å–œå‰§ / Julien LAZZARO / Adrian Conquet Joris Conquet,https://img9.doubanio.com/view/photo/m_ratio_poster/public/p2272274595.jpg,https://movie.douban.com/subject/26634862/,7.3,å–œå‰§,3.5,,,2018-01-27 23:56:23
1313494845,ç”·å›½å°‘å¹´æ¢¦,2006 / ç¾å›½ / å‰§æƒ… çˆ±æƒ… åŒæ€§ / äºšä¼¦Â·å¸ƒæ´›å¡ / å¾·é‡Œå…‹Â·è¿ˆæˆˆé›… George Jonson,https://img9.doubanio.com/view/photo/m_ratio_poster/public/p906666951.jpg,https://movie.douban.com/subject/1917323/,7.3,"å‰§æƒ…,çˆ±æƒ…,åŒæ€§",3.5,,,2018-01-27 03:23:38
1310891943,é«˜ä¸­å§åº•,2018 / ç¾å›½ / çºªå½•ç‰‡,https://img9.doubanio.com/view/photo/m_ratio_poster/public/p2518147058.jpg,https://movie.douban.com/subject/27662448/,7.8,çºªå½•ç‰‡,4,,,2018-01-22 12:19:15
1303941058,é€ƒé¿è™½å¯è€»ä½†æœ‰ç”¨,2016 / æ—¥æœ¬ / å–œå‰§ / é‡‘å­æ–‡çºª åœŸäº•è£•æ³° çŸ³äº•åº·æ™´ / æ–°å£ç»“è¡£ æ˜Ÿé‡æº,https://img9.doubanio.com/view/photo/m_ratio_poster/public/p2400201631.jpg,https://movie.douban.com/subject/26816519/,8.4,å–œå‰§,4,,,2018-01-11 02:52:36
1301608657,å˜å˜ï¼šäº”å°ºäºŒå¯¸,2017 / ç¾å›½ / ä¼ è®° çºªå½•ç‰‡ éŸ³ä¹ / å…‹é‡Œæ–¯Â·ç©†å¡è´å°” /  é©¬å…‹Â·å®¹æ£®,https://img9.doubanio.com/view/photo/m_ratio_poster/public/p2497201655.jpg,https://movie.douban.com/subject/27120369/,8.8,"ä¼ è®°,çºªå½•ç‰‡,éŸ³ä¹",4.5,,,2018-01-07 13:06:19
1286880016,äº†ä¸èµ·çš„éº¦ç‘Ÿå°”å¤«äºº ç¬¬ä¸€å­£,2017 / ç¾å›½ / å‰§æƒ… å–œå‰§ / åŸƒç±³Â·è°¢å°”æ›¼-å¸•æ‹‰è¿ªè¯º ä¸¹å°¼å°”Â·å¸•æ‹‰è¿ªè¯º æ–¯ç§‘ç‰¹Â·åŸƒåˆ©æ–¯ / ç‘ç§‹Â·å¸ƒç½—æ–¯çº³å®‰ è‰¾åˆ©å…‹æ–¯Â·å¸ƒè¯ºæ–¯ç”º,https://img9.doubanio.com/view/photo/m_ratio_poster/public/p2501654012.jpg,https://movie.douban.com/subject/26813221/,8.8,"å‰§æƒ…,å–œå‰§",4.5,,,2018-01-07 13:01:02
1301303501,è¢«å«Œå¼ƒçš„æ¾å­çš„ä¸€ç”Ÿ,2006 / æ—¥æœ¬ / å‰§æƒ… æ­Œèˆ / ä¸­å²›å“²ä¹Ÿ / ä¸­è°·ç¾çºª æ°¸å±±ç‘›å¤ª,https://img9.doubanio.com/view/photo/m_ratio_poster/public/p884763596.jpg,https://movie.douban.com/subject/1787291/,8.9,"å‰§æƒ…,æ­Œèˆ",4.5,,,2018-01-06 23:31:06
1301168634,æœªçŸ¥ç”µè§†å‰§,,https://img9.doubanio.com/f/frodo/568eb8fac54d39fe599b0de8c3f2aee1dbc43cf0/pics/subject/tv_large.jpg,https://movie.douban.com/subject/25923554/,0,,0,,,2018-01-06 21:05:24
1301166589,çµèƒ½ç™¾åˆ†ç™¾,2016 / æ—¥æœ¬ / ç§‘å¹» åŠ¨ç”» / ç«‹å·è®© å¤§çŸ¢é›„å—£ è—¤æ³½ç ”ä¸€ é‡åŸå…‹ä¹Ÿ å·ç•‘ä¹” å®‰æ–‹åˆšæ–‡ é‡‘æ£®é˜³å­ / ä¼Šè—¤èŠ‚ç”Ÿ æ¨±äº•å­å®,https://img9.doubanio.com/view/photo/m_ratio_poster/public/p2358698477.jpg,https://movie.douban.com/subject/26677934/,9.4,"ç§‘å¹»,åŠ¨ç”»",4.5,,,2018-01-06 21:03:01
1301166512,è¶…è‡ªç„¶9äººç»„,2016 / æ—¥æœ¬ / å‰§æƒ… ç§‘å¹» åŠ¨ç”» / çŸ³é»‘æ­å¹³ çŸ³æ»¨çœŸå² é«˜é›„ç»Ÿå­ é»‘æœ¨ç¾å¹¸ çŸ¢å²›æ­¦ å°é‡é¾™å¤ª åŸç”°å­å® ç›Šå±±äº®å¸ çŸ³äº•ä¿ŠåŒ¡ / æ¢¶è£•è´µ ä½ä»“ç»«éŸ³,https://img9.doubanio.com/view/photo/m_ratio_poster/public/p2387754839.jpg,https://movie.douban.com/subject/26754730/,7.9,"å‰§æƒ…,ç§‘å¹»,åŠ¨ç”»",4,,,2018-01-06 21:02:55
1301165045,å°‘å¹´çŠ¯ä¹‹ä¸ƒäºº,2010 / æ—¥æœ¬ / åŠ¨ç”» / ç¥å¿—é‚£å¼˜å¿— ä»“ç”°ç»«å­ çŸ¢å²›å“²ç”Ÿ ç±³ç”°å’Œå¼˜ ç»†ç”°é›…å¼˜ / å°æ —æ—¬ è´¯åœ°è°·æ ,https://img9.doubanio.com/view/photo/m_ratio_poster/public/p2869762946.jpg,https://movie.douban.com/subject/4238954/,8.6,åŠ¨ç”»,4.5,,,2018-01-06 21:01:11
1301154828,ä¸€ä¸ªå«æ¬§ç»´çš„ç”·äººå†³å®šå»æ­»,2015 / ç‘å…¸ / å‰§æƒ… / æ±‰å†…æ–¯Â·èµ«å°”å§† / ç½—å¤«Â·æ‹‰æ–¯åŠ å¾· å·´å“ˆÂ·å¸•æ–¯,https://img9.doubanio.com/view/photo/m_ratio_poster/public/p2406624993.jpg,https://movie.douban.com/subject/26628357/,8.9,å‰§æƒ…,4.5,,,2018-01-06 20:48:58
1297292531,èŠ³å,2017 / ä¸­å›½å¤§é™† / å‰§æƒ… å†å² æˆ˜äº‰ / å†¯å°åˆš / é»„è½© è‹—è‹—,https://img9.doubanio.com/view/photo/m_ratio_poster/public/p2507227732.jpg,https://movie.douban.com/subject/26862829/,7.7,"å‰§æƒ…,å†å²,æˆ˜äº‰",4,,,2017-12-31 23:45:47
1165481207,è¯·ä»¥ä½ çš„åå­—å‘¼å”¤æˆ‘,2017 / æ„å¤§åˆ© æ³•å›½ å·´è¥¿ ç¾å›½ / å‰§æƒ… çˆ±æƒ… åŒæ€§ / å¢å¡Â·ç“œè¾¾å°¼è¯º / è‰¾ç±³Â·æ±‰è« è’‚è«è¥¿Â·æŸ´å‹’æ¢…å¾·,https://img9.doubanio.com/view/photo/m_ratio_poster/public/p2505525050.jpg,https://movie.douban.com/subject/26799731/,8.9,"å‰§æƒ…,çˆ±æƒ…,åŒæ€§",4.5,,,2017-12-30 23:57:03
1296586760,è‚–ç”³å…‹çš„æ•‘èµ,1994 / ç¾å›½ / çŠ¯ç½ª å‰§æƒ… / å¼—å…°å…‹Â·å¾·æ‹‰é‚¦ç‰¹ / è’‚å§†Â·ç½—å®¾æ–¯ æ‘©æ ¹Â·å¼—é‡Œæ›¼,https://img9.doubanio.com/view/photo/m_ratio_poster/public/p480747492.jpg,https://movie.douban.com/subject/1292052/,9.7,"çŠ¯ç½ª,å‰§æƒ…",5,,,2017-12-30 23:19:19
1288524439,å¯»æ¢¦ç¯æ¸¸è®°,2017 / ç¾å›½ / å–œå‰§ åŠ¨ç”» å¥‡å¹» / æÂ·æ˜‚å…‹é‡Œå¥‡ é˜¿å¾·é‡Œå®‰Â·è«åˆ©çº³ / å®‰ä¸œå°¼Â·å†ˆè¨é›·æ–¯ ç›–å°”Â·åŠ è¥¿äºšÂ·è´çº³å°”,https://img9.doubanio.com/view/photo/m_ratio_poster/public/p2614500706.jpg,https://movie.douban.com/subject/20495023/,9.1,"å–œå‰§,åŠ¨ç”»,å¥‡å¹»",4.5,,,2017-12-24 23:29:01
1291420959,å°‘å¥³ç»ˆæœ«æ—…è¡Œ,2017 / æ—¥æœ¬ / å‰§æƒ… ç§‘å¹» åŠ¨ç”» / å°¾å´éš†æ™´ åœŸå±‹æµ©å¹¸ å¹³å‘æ™ºå­ å°æ³½ä¸€æµ© ä¸‰ä¸Šå–œå­ æ­¦å¸‚ç›´å­ / æ°´æ¿‘ç¥ˆ ä¹…ä¿ç”±åˆ©é¦™,https://img9.doubanio.com/view/photo/m_ratio_poster/public/p2501181494.jpg,https://movie.douban.com/subject/27081136/,9.3,"å‰§æƒ…,ç§‘å¹»,åŠ¨ç”»",4.5,,,2017-12-23 18:58:16
1275139242,å»ä»–*çš„ä¸–ç•Œ ç¬¬ä¸€å­£,2017 / è‹±å›½ / å‰§æƒ… å–œå‰§ çŠ¯ç½ª / ä¹”çº³æ£®Â·æ©ç‰¹å¨æ–¯å°” éœ²è¥¿Â·å½»å°¼äºšå…‹ / æ°è¥¿å¡Â·å·´ç™» åŸƒé‡Œå…‹æ–¯Â·åŠ³ç‘Ÿ,https://img9.doubanio.com/view/photo/m_ratio_poster/public/p2507719850.jpg,https://movie.douban.com/subject/27031389/,9.1,"å‰§æƒ…,å–œå‰§,çŠ¯ç½ª",4.5,,,2017-12-17 13:40:52
1287381327,æœªæ¥éƒ½å¸‚NO.6,2011 / æ—¥æœ¬ / ç§‘å¹» åŠ¨ç”» / é•¿å´å¥å¸ å®«ä¸‹æ–°å¹³ ä½è—¤è‚²éƒ å¸ƒæ–½åº·ä¹‹ çŸ³ç”°ç•… ä½è—¤æ¸…å…‰ æ¸…æ°´ä¹…æ• / æ¢¶è£•è´µ ç»†è°·ä½³æ­£,https://img9.doubanio.com/view/photo/m_ratio_poster/public/p1978033432.jpg,https://movie.douban.com/subject/5913028/,8.3,"ç§‘å¹»,åŠ¨ç”»",4,,,2017-12-17 00:13:50
1287330829,å¤©ä½‘é²æ¯”,2009 / ç¾å›½ / å‰§æƒ… ä¼ è®° åŒæ€§ / æ‹‰å¡å°”Â·ç©†å¡å¸Œ / è¥¿æ ¼å¦®Â·éŸ¦å¼— äº¨åˆ©Â·ç§‘æ³½å°¼,https://img9.doubanio.com/view/photo/m_ratio_poster/public/p1662271271.jpg,https://movie.douban.com/subject/3154003/,8.9,"å‰§æƒ…,ä¼ è®°,åŒæ€§",4.5,,,2017-12-16 23:11:43
1270653402,ç”·å­©çš„è¿·å®«,2012 / ç‘å£« å¾·å›½ / å‰§æƒ… çŸ­ç‰‡ åŒæ€§ / æ–¯ç‰¹å‡¡Â·ç‘åŠ³ç‘Ÿ / å²æ–‡Â·å‰å¸• æ±¤å§†Â·æ ¼å…°é—¨å…¹,https://img9.doubanio.com/view/photo/m_ratio_poster/public/p1847286636.jpg,https://movie.douban.com/subject/10786133/,7.5,"å‰§æƒ…,çŸ­ç‰‡,åŒæ€§",4,,,2017-11-15 16:57:22
1266685368,æœªçŸ¥ç”µè§†å‰§,,https://img9.doubanio.com/f/frodo/568eb8fac54d39fe599b0de8c3f2aee1dbc43cf0/pics/subject/tv_large.jpg,https://movie.douban.com/subject/26936271/,0,,0,,,2017-11-05 00:42:47
1266499694,æœªçŸ¥ç”µè§†å‰§,,https://img9.doubanio.com/f/frodo/568eb8fac54d39fe599b0de8c3f2aee1dbc43cf0/pics/subject/tv_large.jpg,https://movie.douban.com/subject/10569144/,0,,0,,,2017-11-04 19:42:40
1266499444,æœªçŸ¥ç”µè§†å‰§,,https://img9.doubanio.com/f/frodo/568eb8fac54d39fe599b0de8c3f2aee1dbc43cf0/pics/subject/tv_large.jpg,https://movie.douban.com/subject/24857863/,0,,0,,,2017-11-04 19:42:13
1266499378,æœªçŸ¥ç”µå½±,,https://img9.doubanio.com/f/frodo/753fa1e93c945e533e52dddab73b2b55a1083083/pics/subject/movie_large.jpg,https://movie.douban.com/subject/25722132/,0,,0,,,2017-11-04 19:42:06
1250795845,ä¸è‰¯æ•™è‚²,2015 / è‹±å›½ / å–œå‰§ / åŸƒåˆ©å¥¥ç‰¹Â·èµ«åŠ è’‚ / å¦²éœ²æ‹‰Â·è±è‰ ä¹”å®‰å¨œÂ·æ–¯åä¼¦,https://img9.doubanio.com/view/photo/m_ratio_poster/public/p2295572899.jpg,https://movie.douban.com/subject/26388980/,5.8,å–œå‰§,3,,,2017-10-03 00:36:50
1206065922,éª„å‚²,2014 / è‹±å›½ æ³•å›½ ç¾å›½ / å‰§æƒ… å–œå‰§ åŒæ€§ / é©¬ä¿®Â·æ²ƒæ¥šæ–¯ / æœ¬Â·æ–½è€æ³½ ä¹”æ²»Â·éº¦å‡¯,https://img9.doubanio.com/view/photo/m_ratio_poster/public/p2218469416.jpg,https://movie.douban.com/subject/25740192/,8.3,"å‰§æƒ…,å–œå‰§,åŒæ€§",4,,,2017-09-23 12:27:19
1213938934,æ•¦åˆ»å°”å…‹,2017 / è‹±å›½ æ³•å›½ ç¾å›½ è·å…° / å‰§æƒ… å†å² æˆ˜äº‰ / å…‹é‡Œæ–¯æ‰˜å¼—Â·è¯ºå…° / è²æ©Â·æ€€ç‰¹æµ·å¾· æ±¤å§†Â·æ ¼æ—-å¡å°¼,https://img9.doubanio.com/view/photo/m_ratio_poster/public/p2494950714.jpg,https://movie.douban.com/subject/26607693/,8.4,"å‰§æƒ…,å†å²,æˆ˜äº‰",4,,,2017-09-04 00:27:53
1235633546,é²æœ¬,2012 / è·å…° / å‰§æƒ… å„¿ç«¥ çŸ­ç‰‡ / Thijs Verhoeven / Erick Brons Anneli van der Hulst,https://img9.doubanio.com/view/photo/m_ratio_poster/public/p2408568649.jpg,https://movie.douban.com/subject/26297115/,5.4,"å‰§æƒ…,å„¿ç«¥,çŸ­ç‰‡",2.5,,,2017-08-28 03:05:11
1233935321,ä½¿å¥³çš„æ•…äº‹ ç¬¬ä¸€å­£,2017 / ç¾å›½ / å‰§æƒ… ç§‘å¹» / ç‘å¾·Â·ç©†æ‹‰è¯º éº¦å…‹Â·å·´å…‹ å‡¯ç‰¹Â·ä¸¹å°¼æ–¯ å¼—æ´›è‰å¨…Â·å¡å‰æ–¯è’™è¿ª å¡è‰Â·æ–¯è€ƒæ ¼å…°å¾· / ä¼Šä¸½èç™½Â·è«æ–¯ çº¦ç‘Ÿå¤«Â·è´¹å› æ–¯,https://img9.doubanio.com/view/photo/m_ratio_poster/public/p2456865556.jpg,https://movie.douban.com/subject/26784967/,8.8,"å‰§æƒ…,ç§‘å¹»",4.5,,,2017-08-24 13:02:43
1232502101,éº¦å°”æ–¯,2016 / ç¾å›½ / å‰§æƒ… åŒæ€§ / çº³æ£®Â·é˜¿é“å¤« / ç±³è¥¿Â·æ´¾å‹’ æ–¯è’‚èŠ¬Â·é²ç‰¹,https://img9.doubanio.com/view/photo/m_ratio_poster/public/p2272832808.jpg,https://movie.douban.com/subject/26636331/,6.4,"å‰§æƒ…,åŒæ€§",3,,,2017-08-21 01:56:47
1232434750,ç¤ºèŒƒ,2016 / è¥¿ç­ç‰™ / å‰§æƒ… åŒæ€§ / Valentino R. Sandoli / Kuba Tarasiewicz MarÃ­a Crespo,https://img9.doubanio.com/view/photo/m_ratio_poster/public/p2492225748.jpg,https://movie.douban.com/subject/27086855/,5.9,"å‰§æƒ…,åŒæ€§",3,,,2017-08-20 23:09:40
1221197824,åŒè¡Œ ç¬¬ä¸€å­£,2016 / ç¾å›½ / çºªå½•ç‰‡ åŒæ€§ / è‰¾åˆ©å¥¥ç‰¹Â·ä½©å‰ ä¼Šæ©Â·ä¸¹å°¼å°”,https://img9.doubanio.com/view/photo/m_ratio_poster/public/p2494279163.jpg,https://movie.douban.com/subject/26717015/,9.2,"çºªå½•ç‰‡,åŒæ€§",4.5,,,2017-07-28 11:34:54
1221197781,åŒè¡Œ ç¬¬äºŒå­£,2016 / ç¾å›½ / çºªå½•ç‰‡ åŒæ€§ / è‰¾åˆ©å¥¥ç‰¹Â·ä½©å‰ ä¼Šæ©Â·ä¸¹å°¼å°”,https://img9.doubanio.com/view/photo/m_ratio_poster/public/p2494279067.jpg,https://movie.douban.com/subject/26857109/,9.3,"çºªå½•ç‰‡,åŒæ€§",4.5,,,2017-07-28 11:34:49
1219214727,åä¸‰ä¸ªåŸå›  ç¬¬ä¸€å­£,2017 / ç¾å›½ / å‰§æƒ… / å‡¯å°”Â·å¸•ç‰¹é‡Œå…‹Â·å¥¥ç“¦å†…å…¹ æ ¼é›·æ ¼Â·é˜¿æ‹‰åŸº å¡å°”Â·å¼—å…°å…‹æ— æ±¤å§†Â·éº¦å¡é”¡ è™ç³æ• / è¿ªå…°Â·æ˜å¥ˆç‰¹ å‡¯ç‘Ÿç³Â·å…°ç¦å¾·,https://img9.doubanio.com/view/photo/m_ratio_poster/public/p2418422310.jpg,https://movie.douban.com/subject/6284624/,8.4,å‰§æƒ…,4,,,2017-07-23 19:39:09
1218022106,æ¨±æ¡ƒ,2017 / å…‹ç½—åœ°äºš / å„¿ç«¥ çŸ­ç‰‡ åŒæ€§ / è¾¾å¸ƒæ‹‰å¤«å¡Â·ç‰¹å¥‡ / Areta Curkovic Franko Jakovcevic,https://img9.doubanio.com/view/photo/m_ratio_poster/public/p2465979172.jpg,https://movie.douban.com/subject/27027899/,8.2,"å„¿ç«¥,çŸ­ç‰‡,åŒæ€§",4,,,2017-07-21 03:46:23
1218021839,å½¼å¾—495,2016 / åŠ æ‹¿å¤§ å¾·å›½ / ç§‘å¹» ææ€– çŸ­ç‰‡ / Blake Mawson / Alex Ozerov Alanna Bale,https://img9.doubanio.com/view/photo/m_ratio_poster/public/p2456612912.jpg,https://movie.douban.com/subject/27029052/,6.3,"ç§‘å¹»,ææ€–,çŸ­ç‰‡",3,,,2017-07-21 03:42:10
1214686999,æ­»ä¾,2016 / ç¾å›½ åŠ æ‹¿å¤§ / å–œå‰§ åŠ¨ä½œ ç§‘å¹» / è’‚å§†Â·ç±³å‹’ / ç‘å®‰Â·é›·è¯ºå…¹ è«è•¾å¨œÂ·å·´å¡ç³,https://img9.doubanio.com/view/photo/m_ratio_poster/public/p2309264212.jpg,https://movie.douban.com/subject/3718279/,7.8,"å–œå‰§,åŠ¨ä½œ,ç§‘å¹»",4,,,2017-07-13 16:04:06
1209307285,å˜å½¢é‡‘åˆš5ï¼šæœ€åçš„éª‘å£«,2017 / ç¾å›½ ä¸­å›½å¤§é™† åŠ æ‹¿å¤§ å¢¨è¥¿å“¥ / åŠ¨ä½œ ç§‘å¹» / è¿ˆå…‹å°”Â·è´ / é©¬å…‹Â·æ²ƒå°”ä¼¯æ ¼ å®‰ä¸œå°¼Â·éœæ™®é‡‘æ–¯,https://img9.doubanio.com/view/photo/m_ratio_poster/public/p2462475058.jpg,https://movie.douban.com/subject/25824686/,4.9,"åŠ¨ä½œ,ç§‘å¹»",2.5,,,2017-06-30 20:27:07
1199788877,ç–¯ç‹‚åŠ¨ç‰©åŸ,2016 / ç¾å›½ / å–œå‰§ åŠ¨ç”» å†’é™© / æ‹œä¼¦Â·éœåå¾· ç‘å¥‡Â·æ‘©å°” æ°æ‹‰å¾·Â·å¸ƒä»€ / é‡‘å¦®å¼—Â·å¤å¾·æ¸© æ°æ£®Â·è´ç‰¹æ›¼,https://img9.doubanio.com/view/photo/m_ratio_poster/public/p2614500649.jpg,https://movie.douban.com/subject/25662329/,9.2,"å–œå‰§,åŠ¨ç”»,å†’é™©",4.5,,,2017-06-07 22:03:25
1195639862,æ‘”è·¤å§ï¼çˆ¸çˆ¸,2016 / å°åº¦ / å‰§æƒ… ä¼ è®° è¿åŠ¨ / æ¶…æÂ·è’‚ç“¦é‡Œ / é˜¿ç±³å°”Â·æ±— æ³•ç¼‡ç›Â·è¨é‚£Â·çº±å¡,https://img9.doubanio.com/view/photo/m_ratio_poster/public/p2401676338.jpg,https://movie.douban.com/subject/26387939/,9,"å‰§æƒ…,ä¼ è®°,è¿åŠ¨",4.5,,,2017-05-28 22:12:37
1180664033,è‹¹æœæ‹çˆ±å¤š,2013 / åŠ æ‹¿å¤§ / å–œå‰§ çˆ±æƒ… åŒæ€§ / è«å¦®å¡Â·ç±³åˆ‡å°” / æ¢å®¶æˆ æ›¼å°¼Â·è´¾å¸Œå°¼æ‰˜,https://img9.doubanio.com/view/photo/m_ratio_poster/public/p2158152980.jpg,https://movie.douban.com/subject/25765830/,5.9,"å–œå‰§,çˆ±æƒ…,åŒæ€§",3,,,2017-04-21 18:50:28
1136222323,æ˜Ÿçƒå¤§æˆ˜å¤–ä¼ ï¼šä¾ ç›—ä¸€å·,2016 / ç¾å›½ / åŠ¨ä½œ ç§‘å¹» å†’é™© / åŠ é‡Œæ–¯Â·çˆ±å¾·åæ–¯ / è²ä¸½å¸Œç¼‡Â·ç¼æ–¯ è¿­æˆˆÂ·å¢çº³,https://img9.doubanio.com/view/photo/m_ratio_poster/public/p2403049086.jpg,https://movie.douban.com/subject/25894431/,7.3,"åŠ¨ä½œ,ç§‘å¹»,å†’é™©",3.5,,,2017-01-13 00:56:55
1116156955,ä½ çš„åå­—ã€‚,2016 / æ—¥æœ¬ / å‰§æƒ… çˆ±æƒ… åŠ¨ç”» / æ–°æµ·è¯š / ç¥æœ¨éš†ä¹‹ä»‹ ä¸Šç™½çŸ³èŒéŸ³,https://img9.doubanio.com/view/photo/m_ratio_poster/public/p2395733377.jpg,https://movie.douban.com/subject/26683290/,8.5,"å‰§æƒ…,çˆ±æƒ…,åŠ¨ç”»",4.5,,,2016-12-03 00:39:39
1115623370,ä¸¤ä¸ªçˆ¸çˆ¸,2016 / æ³°å›½ / å‰§æƒ… åŒæ€§ / Palatpol Mingpornpichit / å°¤å¡”æ²™è¾¾ å¸•å°¼æŸ¥åŠŸ çº³ç‰¹Â·è¨å…‹è¾¾é€š,https://img9.doubanio.com/view/photo/m_ratio_poster/public/p2342727934.jpg,https://movie.douban.com/subject/26665257/,7.1,"å‰§æƒ…,åŒæ€§",3.5,,,2016-12-01 18:45:19
1110300542,æ”¾ç‰›ç­çš„æ˜¥å¤©,2004 / æ³•å›½ ç‘å£« å¾·å›½ / å‰§æƒ… å–œå‰§ éŸ³ä¹ / å…‹é‡Œæ–¯æ‰˜å¤«Â·å·´æ‹‰è’‚ / è®©-å·´è’‚æ–¯ç‰¹Â·è«å°¼è€¶ çƒ­æ‹‰å°”Â·æœ±å°¼å¥¥,https://img9.doubanio.com/view/photo/m_ratio_poster/public/p1910824951.jpg,https://movie.douban.com/subject/1291549/,9.3,"å‰§æƒ…,å–œå‰§,éŸ³ä¹",4.5,,,2016-11-17 23:52:20
1077693608,æ­»äº¡è¯—ç¤¾,1989 / ç¾å›½ / å‰§æƒ… / å½¼å¾—Â·å¨å°” / ç½—å®¾Â·å¨å»‰å§†æ–¯ ç½—ä¼¯ç‰¹Â·è‚–æ©Â·è±çº³å¾·,https://img9.doubanio.com/view/photo/m_ratio_poster/public/p2575465690.jpg,https://movie.douban.com/subject/1291548/,9.1,å‰§æƒ…,4.5,,,2016-08-26 08:42:57
1077691387,å¯„ç”Ÿå…½,2014 / æ—¥æœ¬ / å‰§æƒ… åŠ¨ä½œ ç§‘å¹» / å±±å´è´µ / æŸ“è°·å°†å¤ª æ·±æ´¥ç»˜é‡Œ,https://img9.doubanio.com/view/photo/m_ratio_poster/public/p2375921261.jpg,https://movie.douban.com/subject/25774050/,7.4,"å‰§æƒ…,åŠ¨ä½œ,ç§‘å¹»",3.5,,,2016-08-26 08:29:25
1077690804,å¤ªå¤ªä¸‡å²,2016 / ä¸­å›½å¤§é™† / å‰§æƒ… å®¶åº­ / æ²ˆä¸¥ åˆ˜æµ·æ³¢ / é—«å¦® è®¸äºšå†›,https://img9.doubanio.com/view/photo/m_ratio_poster/public/p2271205278.jpg,https://movie.douban.com/subject/26377689/,6.3,"å‰§æƒ…,å®¶åº­",3,,,2016-08-26 08:26:05
1076675070,å®Œç¾é™Œç”Ÿäºº,2016 / æ„å¤§åˆ© / å‰§æƒ… å–œå‰§ / ä¿ç½—Â·æ°è¯ºç»´å¡ / é©¬å¯Â·è´¾åˆ©å°¼ å¡å¤Â·æ–¯ç©†ç‰¹å°¼äºšå…‹,https://img9.doubanio.com/view/photo/m_ratio_poster/public/p2522331945.jpg,https://movie.douban.com/subject/26614893/,8.5,"å‰§æƒ…,å–œå‰§",4.5,,,2016-08-23 14:26:12
1064970121,æˆ‘çš„è€å¤§ã€æˆ‘çš„è‹±é›„,2006 / æ—¥æœ¬ / å–œå‰§ / ä½è—¤ä¸œå¼¥ / é•¿æ¿‘æ™ºä¹Ÿ æ‰‹è¶Šç¥ä¹Ÿ,https://img9.doubanio.com/view/photo/m_ratio_poster/public/p2152488105.jpg,https://movie.douban.com/subject/1905577/,8.3,å–œå‰§,4,,,2016-07-22 21:11:19